Workbook

Sheet Concentrado
A1: Año | B1: Entidad Federativa | C1: Consultorios | D1: Camas hospitalarias | E1: Camas no hospitalarias | F1: Quirófanos | G1: Salas expulsión
A2: 2024 | B2: Nacional | C2: 86304 | D2: 96988 | E2: 53160 | F2: 4495 | G2: 2025
A3: 2024 | B3: Aguascalientes | C3: 956 | D3: 1079 | E3: 672 | F3: 60 | G3: 15
A4: 2024 | B4: Baja California | C4: 1767 | D4: 2606 | E4: 1222 | F4: 109 | G4: 37
A5: 2024 | B5: Baja California Sur | C5: 714 | D5: 892 | E5: 509 | F5: 45 | G5: 24
A6: 2024 | B6: Campeche | C6: 834 | D6: 847 | E6: 598 | F6: 47 | G6: 23
A7: 2024 | B7: Coahuila | C7: 2120 | D7: 3075 | E7: 1252 | F7: 154 | G7: 55
A8: 2024 | B8: Colima | C8: 758 | D8: 701 | E8: 488 | F8: 36 | G8: 12
A9: 2024 | B9: Chiapas | C9: 3953 | D9: 2427 | E9: 1914 | F9: 152 | G9: 129
A10: 2024 | B10: Chihuahua | C10: 2343 | D10: 3223 | E10: 1612 | F10: 144 | G10: 70
A11: 2024 | B11: CDMX | C11: 9844 | D11: 15698 | E11: 6055 | F11: 696 | G11: 115
A12: 2024 | B12: Durango | C12: 1478 | D12: 1640 | E12: 879 | F12: 62 | G12: 45
A13: 2024 | B13: Guanajuato | C13: 3096 | D13: 3849 | E13: 2575 | F13: 186 | G13: 79
... A430: 2012 | B430: Zacatecas | C430: 1179 | D430: 1007 | E430: 851 | F430: 53 | G430: 85

Sheet NACIONAL
A1: Año | B1: Consultorios | C1: Camas hospitalarias | D1: Camas no hospitalarias | E1: Quirófanos | F1: Salas expulsión
A2: 2012 | B2: =SUMIFS(Concentrado!C$2:C430,Concentrado!$A$2:$A430,"="&$A2,Concentrado!$B$2:$B430, "=Nacional") -> 68429 | C2: =SUMIFS(Concentrado!D$2:D430,Concentrado!$A$2:$A430,"="&$A2,Concentrado!$B$2:$B430, "=Nacional") -> 85656 | D2: =SUMIFS(Concentrado!E$2:E430,Concentrado!$A$2:$A430,"="&$A2,Concentrado!$B$2:$B430, "=Nacional") -> 54439 | E2: =SUMIFS(Concentrado!F$2:F430,Concentrado!$A$2:$A430,"="&$A2,Concentrado!$B$2:$B430, "=Nacional") -> 3594 | F2: =SUMIFS(Concentrado!G$2:G430,Concentrado!$A$2:$A430,"="&$A2,Concentrado!$B$2:$B430, "=Nacional") -> 2058
A3: 2013 | B3: =SUMIFS(Concentrado!C$2:C431,Concentrado!$A$2:$A431,"="&$A3,Concentrado!$B$2:$B431, "=Nacional") -> 71916 | C3: =SUMIFS(Concentrado!D$2:D431,Concentrado!$A$2:$A431,"="&$A3,Concentrado!$B$2:$B431, "=Nacional") -> 87509 | D3: =SUMIFS(Concentrado!E$2:E431,Concentrado!$A$2:$A431,"="&$A3,Concentrado!$B$2:$B431, "=Nacional") -> 58940 | E3: =SUMIFS(Concentrado!F$2:F431,Concentrado!$A$2:$A431,"="&$A3,Concentrado!$B$2:$B431, "=Nacional") -> 3984 | F3: =SUMIFS(Concentrado!G$2:G431,Concentrado!$A$2:$A431,"="&$A3,Concentrado!$B$2:$B431, "=Nacional") -> 2171
A4: 2014 | B4: =SUMIFS(Concentrado!C$2:C432,Concentrado!$A$2:$A432,"="&$A4,Concentrado!$B$2:$B432, "=Nacional") -> 74579 | C4: =SUMIFS(Concentrado!D$2:D432,Concentrado!$A$2:$A432,"="&$A4,Concentrado!$B$2:$B432, "=Nacional") -> 89181 | D4: =SUMIFS(Concentrado!E$2:E432,Concentrado!$A$2:$A432,"="&$A4,Concentrado!$B$2:$B432, "=Nacional") -> 59871 | E4: =SUMIFS(Concentrado!F$2:F432,Concentrado!$A$2:$A432,"="&$A4,Concentrado!$B$2:$B432, "=Nacional") -> 4009 | F4: =SUMIFS(Concentrado!G$2:G432,Concentrado!$A$2:$A432,"="&$A4,Concentrado!$B$2:$B432, "=Nacional") -> 2141
A5: 2015 | B5: =SUMIFS(Concentrado!C$2:C433,Concentrado!$A$2:$A433,"="&$A5,Concentrado!$B$2:$B433, "=Nacional") -> 74462 | C5: =SUMIFS(Concentrado!D$2:D433,Concentrado!$A$2:$A433,"="&$A5,Concentrado!$B$2:$B433, "=Nacional") -> 87603 | D5: =SUMIFS(Concentrado!E$2:E433,Concentrado!$A$2:$A433,"="&$A5,Concentrado!$B$2:$B433, "=Nacional") -> 51914 | E5: =SUMIFS(Concentrado!F$2:F433,Concentrado!$A$2:$A433,"="&$A5,Concentrado!$B$2:$B433, "=Nacional") -> 4072 | F5: =SUMIFS(Concentrado!G$2:G433,Concentrado!$A$2:$A433,"="&$A5,Concentrado!$B$2:$B433, "=Nacional") -> 2153
A6: 2016 | B6: =SUMIFS(Concentrado!C$2:C434,Concentrado!$A$2:$A434,"="&$A6,Concentrado!$B$2:$B434, "=Nacional") -> 76416 | C6: =SUMIFS(Concentrado!D$2:D434,Concentrado!$A$2:$A434,"="&$A6,Concentrado!$B$2:$B434, "=Nacional") -> 89155 | D6: =SUMIFS(Concentrado!E$2:E434,Concentrado!$A$2:$A434,"="&$A6,Concentrado!$B$2:$B434, "=Nacional") -> 51721 | E6: =SUMIFS(Concentrado!F$2:F434,Concentrado!$A$2:$A434,"="&$A6,Concentrado!$B$2:$B434, "=Nacional") -> 4100 | F6: =SUMIFS(Concentrado!G$2:G434,Concentrado!$A$2:$A434,"="&$A6,Concentrado!$B$2:$B434, "=Nacional") -> 2235
A7: 2017 | B7: =SUMIFS(Concentrado!C$2:C435,Concentrado!$A$2:$A435,"="&$A7,Concentrado!$B$2:$B435, "=Nacional") -> 76201 | C7: =SUMIFS(Concentrado!D$2:D435,Concentrado!$A$2:$A435,"="&$A7,Concentrado!$B$2:$B435, "=Nacional") -> 89085 | D7: =SUMIFS(Concentrado!E$2:E435,Concentrado!$A$2:$A435,"="&$A7,Concentrado!$B$2:$B435, "=Nacional") -> 50130 | E7: =SUMIFS(Concentrado!F$2:F435,Concentrado!$A$2:$A435,"="&$A7,Concentrado!$B$2:$B435, "=Nacional") -> 4169 | F7: =SUMIFS(Concentrado!G$2:G435,Concentrado!$A$2:$A435,"="&$A7,Concentrado!$B$2:$B435, "=Nacional") -> 2130
A8: 2018 | B8: =SUMIFS(Concentrado!C$2:C436,Concentrado!$A$2:$A436,"="&$A8,Concentrado!$B$2:$B436, "=Nacional") -> 77563 | C8: =SUMIFS(Concentrado!D$2:D436,Concentrado!$A$2:$A436,"="&$A8,Concentrado!$B$2:$B436, "=Nacional") -> 89562 | D8: =SUMIFS(Concentrado!E$2:E436,Concentrado!$A$2:$A436,"="&$A8,Concentrado!$B$2:$B436, "=Nacional") -> 50019 | E8: =SUMIFS(Concentrado!F$2:F436,Concentrado!$A$2:$A436,"="&$A8,Concentrado!$B$2:$B436, "=Nacional") -> 4162 | F8: =SUMIFS(Concentrado!G$2:G436,Concentrado!$A$2:$A436,"="&$A8,Concentrado!$B$2:$B436, "=Nacional") -> 2003
A9: 2019 | B9: =SUMIFS(Concentrado!C$2:C437,Concentrado!$A$2:$A437,"="&$A9,Concentrado!$B$2:$B437, "=Nacional") -> 76875 | C9: =SUMIFS(Concentrado!D$2:D437,Concentrado!$A$2:$A437,"="&$A9,Concentrado!$B$2:$B437, "=Nacional") -> 89538 | D9: =SUMIFS(Concentrado!E$2:E437,Concentrado!$A$2:$A437,"="&$A9,Concentrado!$B$2:$B437, "=Nacional") -> 50466 | E9: =SUMIFS(Concentrado!F$2:F437,Concentrado!$A$2:$A437,"="&$A9,Concentrado!$B$2:$B437, "=Nacional") -> 4198 | F9: =SUMIFS(Concentrado!G$2:G437,Concentrado!$A$2:$A437,"="&$A9,Concentrado!$B$2:$B437, "=Nacional") -> 2221
A10: 2020 | B10: =SUMIFS(Concentrado!C$2:C438,Concentrado!$A$2:$A438,"="&$A10,Concentrado!$B$2:$B438, "=Nacional") -> 79067 | C10: =SUMIFS(Concentrado!D$2:D438,Concentrado!$A$2:$A438,"="&$A10,Concentrado!$B$2:$B438, "=Nacional") -> 93219 | D10: =SUMIFS(Concentrado!E$2:E438,Concentrado!$A$2:$A438,"="&$A10,Concentrado!$B$2:$B438, "=Nacional") -> 52342 | E10: =SUMIFS(Concentrado!F$2:F438,Concentrado!$A$2:$A438,"="&$A10,Concentrado!$B$2:$B438, "=Nacional") -> 4181 | F10: =SUMIFS(Concentrado!G$2:G438,Concentrado!$A$2:$A438,"="&$A10,Concentrado!$B$2:$B438, "=Nacional") -> 2179
A11: 2021 | B11: =SUMIFS(Concentrado!C$2:C439,Concentrado!$A$2:$A439,"="&$A11,Concentrado!$B$2:$B439, "=Nacional") -> 78870 | C11: =SUMIFS(Concentrado!D$2:D439,Concentrado!$A$2:$A439,"="&$A11,Concentrado!$B$2:$B439, "=Nacional") -> 94047 | D11: =SUMIFS(Concentrado!E$2:E439,Concentrado!$A$2:$A439,"="&$A11,Concentrado!$B$2:$B439, "=Nacional") -> 52047 | E11: =SUMIFS(Concentrado!F$2:F439,Concentrado!$A$2:$A439,"="&$A11,Concentrado!$B$2:$B439, "=Nacional") -> 4243 | F11: =SUMIFS(Concentrado!G$2:G439,Concentrado!$A$2:$A439,"="&$A11,Concentrado!$B$2:$B439, "=Nacional") -> 2063
A12: 2022 | B12: =SUMIFS(Concentrado!C$2:C440,Concentrado!$A$2:$A440,"="&$A12,Concentrado!$B$2:$B440, "=Nacional") -> 83750 | C12: =SUMIFS(Concentrado!D$2:D440,Concentrado!$A$2:$A440,"="&$A12,Concentrado!$B$2:$B440, "=Nacional") -> 95780 | D12: =SUMIFS(Concentrado!E$2:E440,Concentrado!$A$2:$A440,"="&$A12,Concentrado!$B$2:$B440, "=Nacional") -> 48900 | E12: =SUMIFS(Concentrado!F$2:F440,Concentrado!$A$2:$A440,"="&$A12,Concentrado!$B$2:$B440, "=Nacional") -> 4410 | F12: =SUMIFS(Concentrado!G$2:G440,Concentrado!$A$2:$A440,"="&$A12,Concentrado!$B$2:$B440, "=Nacional") -> 1970
A13: 2023 | B13: =SUMIFS(Concentrado!C$2:C441,Concentrado!$A$2:$A441,"="&$A13,Concentrado!$B$2:$B441, "=Nacional") -> 84929 | C13: =SUMIFS(Concentrado!D$2:D441,Concentrado!$A$2:$A441,"="&$A13,Concentrado!$B$2:$B441, "=Nacional") -> 95061 | D13: =SUMIFS(Concentrado!E$2:E441,Concentrado!$A$2:$A441,"="&$A13,Concentrado!$B$2:$B441, "=Nacional") -> 50438 | E13: =SUMIFS(Concentrado!F$2:F441,Concentrado!$A$2:$A441,"="&$A13,Concentrado!$B$2:$B441, "=Nacional") -> 4385 | F13: =SUMIFS(Concentrado!G$2:G441,Concentrado!$A$2:$A441,"="&$A13,Concentrado!$B$2:$B441, "=Nacional") -> 1984
A14: 2024 | B14: =SUMIFS(Concentrado!C$2:C442,Concentrado!$A$2:$A442,"="&$A14,Concentrado!$B$2:$B442, "=Nacional") -> 86304 | C14: =SUMIFS(Concentrado!D$2:D442,Concentrado!$A$2:$A442,"="&$A14,Concentrado!$B$2:$B442, "=Nacional") -> 96988 | D14: =SUMIFS(Concentrado!E$2:E442,Concentrado!$A$2:$A442,"="&$A14,Concentrado!$B$2:$B442, "=Nacional") -> 53160 | E14: =SUMIFS(Concentrado!F$2:F442,Concentrado!$A$2:$A442,"="&$A14,Concentrado!$B$2:$B442, "=Nacional") -> 4495 | F14: =SUMIFS(Concentrado!G$2:G442,Concentrado!$A$2:$A442,"="&$A14,Concentrado!$B$2:$B442, "=Nacional") -> 2025

Sheet AGS
A1: Año | B1: Consultorios | C1: Camas hospitalarias | D1: Camas no hospitalarias | E1: Quirófanos | F1: Salas expulsión
A2: 2012 | B2: =SUMIFS(Concentrado!C$2:C$430,Concentrado!$A$2:$A$430,"="&$A2,Concentrado!$B$2:$B$430, "=Aguascalientes") -> 808 | C2: =SUMIFS(Concentrado!D$2:D$430,Concentrado!$A$2:$A$430,"="&$A2,Concentrado!$B$2:$B$430, "=Aguascalientes") -> 878 | D2: =SUMIFS(Concentrado!E$2:E$430,Concentrado!$A$2:$A$430,"="&$A2,Concentrado!$B$2:$B$430, "=Aguascalientes") -> 526 | E2: =SUMIFS(Concentrado!F$2:F$430,Concentrado!$A$2:$A$430,"="&$A2,Concentrado!$B$2:$B$430, "=Aguascalientes") -> 36 | F2: =SUMIFS(Concentrado!G$2:G$430,Concentrado!$A$2:$A$430,"="&$A2,Concentrado!$B$2:$B$430, "=Aguascalientes") -> 15
A3: 2013 | B3: =SUMIFS(Concentrado!C$2:C$430,Concentrado!$A$2:$A$430,"="&$A3,Concentrado!$B$2:$B$430, "=Aguascalientes") -> 835 | C3: =SUMIFS(Concentrado!D$2:D$430,Concentrado!$A$2:$A$430,"="&$A3,Concentrado!$B$2:$B$430, "=Aguascalientes") -> 875 | D3: =SUMIFS(Concentrado!E$2:E$430,Concentrado!$A$2:$A$430,"="&$A3,Concentrado!$B$2:$B$430, "=Aguascalientes") -> 559 | E3: =SUMIFS(Concentrado!F$2:F$430,Concentrado!$A$2:$A$430,"="&$A3,Concentrado!$B$2:$B$430, "=Aguascalientes") -> 41 | F3: =SUMIFS(Concentrado!G$2:G$430,Concentrado!$A$2:$A$430,"="&$A3,Concentrado!$B$2:$B$430, "=Aguascalientes") -> 15
A4: 2014 | B4: =SUMIFS(Concentrado!C$2:C$430,Concentrado!$A$2:$A$430,"="&$A4,Concentrado!$B$2:$B$430, "=Aguascalientes") -> 899 | C4: =SUMIFS(Concentrado!D$2:D$430,Concentrado!$A$2:$A$430,"="&$A4,Concentrado!$B$2:$B$430, "=Aguascalientes") -> 874 | D4: =SUMIFS(Concentrado!E$2:E$430,Concentrado!$A$2:$A$430,"="&$A4,Concentrado!$B$2:$B$430, "=Aguascalientes") -> 506 | E4: =SUMIFS(Concentrado!F$2:F$430,Concentrado!$A$2:$A$430,"="&$A4,Concentrado!$B$2:$B$430, "=Aguascalientes") -> 42 | F4: =SUMIFS(Concentrado!G$2:G$430,Concentrado!$A$2:$A$430,"="&$A4,Concentrado!$B$2:$B$430, "=Aguascalientes") -> 12
A5: 2015 | B5: =SUMIFS(Concentrado!C$2:C$430,Concentrado!$A$2:$A$430,"="&$A5,Concentrado!$B$2:$B$430, "=Aguascalientes") -> 831 | C5: =SUMIFS(Concentrado!D$2:D$430,Concentrado!$A$2:$A$430,"="&$A5,Concentrado!$B$2:$B$430, "=Aguascalientes") -> 875 | D5: =SUMIFS(Concentrado!E$2:E$430,Concentrado!$A$2:$A$430,"="&$A5,Concentrado!$B$2:$B$430, "=Aguascalientes") -> 486 | E5: =SUMIFS(Concentrado!F$2:F$430,Concentrado!$A$2:$A$430,"="&$A5,Concentrado!$B$2:$B$430, "=Aguascalientes") -> 41 | F5: =SUMIFS(Concentrado!G$2:G$430,Concentrado!$A$2:$A$430,"="&$A5,Concentrado!$B$2:$B$430, "=Aguascalientes") -> 12
A6: 2016 | B6: =SUMIFS(Concentrado!C$2:C$430,Concentrado!$A$2:$A$430,"="&$A6,Concentrado!$B$2:$B$430, "=Aguascalientes") -> 826 | C6: =SUMIFS(Concentrado!D$2:D$430,Concentrado!$A$2:$A$430,"="&$A6,Concentrado!$B$2:$B$430, "=Aguascalientes") -> 895 | D6: =SUMIFS(Concentrado!E$2:E$430,Concentrado!$A$2:$A$430,"="&$A6,Concentrado!$B$2:$B$430, "=Aguascalientes") -> 484 | E6: =SUMIFS(Concentrado!F$2:F$430,Concentrado!$A$2:$A$430,"="&$A6,Concentrado!$B$2:$B$430, "=Aguascalientes") -> 41 | F6: =SUMIFS(Concentrado!G$2:G$430,Concentrado!$A$2:$A$430,"="&$A6,Concentrado!$B$2:$B$430, "=Aguascalientes") -> 13
A7: 2017 | B7: =SUMIFS(Concentrado!C$2:C$430,Concentrado!$A$2:$A$430,"="&$A7,Concentrado!$B$2:$B$430, "=Aguascalientes") -> 843 | C7: =SUMIFS(Concentrado!D$2:D$430,Concentrado!$A$2:$A$430,"="&$A7,Concentrado!$B$2:$B$430, "=Aguascalientes") -> 875 | D7: =SUMIFS(Concentrado!E$2:E$430,Concentrado!$A$2:$A$430,"="&$A7,Concentrado!$B$2:$B$430, "=Aguascalientes") -> 472 | E7: =SUMIFS(Concentrado!F$2:F$430,Concentrado!$A$2:$A$430,"="&$A7,Concentrado!$B$2:$B$430, "=Aguascalientes") -> 42 | F7: =SUMIFS(Concentrado!G$2:G$430,Concentrado!$A$2:$A$430,"="&$A7,Concentrado!$B$2:$B$430, "=Aguascalientes") -> 13
A8: 2018 | B8: =SUMIFS(Concentrado!C$2:C$430,Concentrado!$A$2:$A$430,"="&$A8,Concentrado!$B$2:$B$430, "=Aguascalientes") -> 863 | C8: =SUMIFS(Concentrado!D$2:D$430,Concentrado!$A$2:$A$430,"="&$A8,Concentrado!$B$2:$B$430, "=Aguascalientes") -> 966 | D8: =SUMIFS(Concentrado!E$2:E$430,Concentrado!$A$2:$A$430,"="&$A8,Concentrado!$B$2:$B$430, "=Aguascalientes") -> 557 | E8: =SUMIFS(Concentrado!F$2:F$430,Concentrado!$A$2:$A$430,"="&$A8,Concentrado!$B$2:$B$430, "=Aguascalientes") -> 50 | F8: =SUMIFS(Concentrado!G$2:G$430,Concentrado!$A$2:$A$430,"="&$A8,Concentrado!$B$2:$B$430, "=Aguascalientes") -> 15
A9: 2019 | B9: =SUMIFS(Concentrado!C$2:C$430,Concentrado!$A$2:$A$430,"="&$A9,Concentrado!$B$2:$B$430, "=Aguascalientes") -> 900 | C9: =SUMIFS(Concentrado!D$2:D$430,Concentrado!$A$2:$A$430,"="&$A9,Concentrado!$B$2:$B$430, "=Aguascalientes") -> 974 | D9: =SUMIFS(Concentrado!E$2:E$430,Concentrado!$A$2:$A$430,"="&$A9,Concentrado!$B$2:$B$430, "=Aguascalientes") -> 599 | E9: =SUMIFS(Concentrado!F$2:F$430,Concentrado!$A$2:$A$430,"="&$A9,Concentrado!$B$2:$B$430, "=Aguascalientes") -> 60 | F9: =SUMIFS(Concentrado!G$2:G$430,Concentrado!$A$2:$A$430,"="&$A9,Concentrado!$B$2:$B$430, "=Aguascalientes") -> 15
A10: 2020 | B10: =SUMIFS(Concentrado!C$2:C$430,Concentrado!$A$2:$A$430,"="&$A10,Concentrado!$B$2:$B$430, "=Aguascalientes") -> 909 | C10: =SUMIFS(Concentrado!D$2:D$430,Concentrado!$A$2:$A$430,"="&$A10,Concentrado!$B$2:$B$430, "=Aguascalientes") -> 1007 | D10: =SUMIFS(Concentrado!E$2:E$430,Concentrado!$A$2:$A$430,"="&$A10,Concentrado!$B$2:$B$430, "=Aguascalientes") -> 589 | E10: =SUMIFS(Concentrado!F$2:F$430,Concentrado!$A$2:$A$430,"="&$A10,Concentrado!$B$2:$B$430, "=Aguascalientes") -> 53 | F10: =SUMIFS(Concentrado!G$2:G$430,Concentrado!$A$2:$A$430,"="&$A10,Concentrado!$B$2:$B$430, "=Aguascalientes") -> 15
A11: 2021 | B11: =SUMIFS(Concentrado!C$2:C$430,Concentrado!$A$2:$A$430,"="&$A11,Concentrado!$B$2:$B$430, "=Aguascalientes") -> 940 | C11: =SUMIFS(Concentrado!D$2:D$430,Concentrado!$A$2:$A$430,"="&$A11,Concentrado!$B$2:$B$430, "=Aguascalientes") -> 1068 | D11: =SUMIFS(Concentrado!E$2:E$430,Concentrado!$A$2:$A$430,"="&$A11,Concentrado!$B$2:$B$430, "=Aguascalientes") -> 607 | E11: =SUMIFS(Concentrado!F$2:F$430,Concentrado!$A$2:$A$430,"="&$A11,Concentrado!$B$2:$B$430, "=Aguascalientes") -> 52 | F11: =SUMIFS(Concentrado!G$2:G$430,Concentrado!$A$2:$A$430,"="&$A11,Concentrado!$B$2:$B$430, "=Aguascalientes") -> 15
A12: 2022 | B12: =SUMIFS(Concentrado!C$2:C$430,Concentrado!$A$2:$A$430,"="&$A12,Concentrado!$B$2:$B$430, "=Aguascalientes") -> 961 | C12: =SUMIFS(Concentrado!D$2:D$430,Concentrado!$A$2:$A$430,"="&$A12,Concentrado!$B$2:$B$430, "=Aguascalientes") -> 1044 | D12: =SUMIFS(Concentrado!E$2:E$430,Concentrado!$A$2:$A$430,"="&$A12,Concentrado!$B$2:$B$430, "=Aguascalientes") -> 632 | E12: =SUMIFS(Concentrado!F$2:F$430,Concentrado!$A$2:$A$430,"="&$A12,Concentrado!$B$2:$B$430, "=Aguascalientes") -> 55 | F12: =SUMIFS(Concentrado!G$2:G$430,Concentrado!$A$2:$A$430,"="&$A12,Concentrado!$B$2:$B$430, "=Aguascalientes") -> 15
A13: 2023 | B13: =SUMIFS(Concentrado!C$2:C$430,Concentrado!$A$2:$A$430,"="&$A13,Concentrado!$B$2:$B$430, "=Aguascalientes") -> 948 | C13: =SUMIFS(Concentrado!D$2:D$430,Concentrado!$A$2:$A$430,"="&$A13,Concentrado!$B$2:$B$430, "=Aguascalientes") -> 1066 | D13: =SUMIFS(Concentrado!E$2:E$430,Concentrado!$A$2:$A$430,"="&$A13,Concentrado!$B$2:$B$430, "=Aguascalientes") -> 644 | E13: =SUMIFS(Concentrado!F$2:F$430,Concentrado!$A$2:$A$430,"="&$A13,Concentrado!$B$2:$B$430, "=Aguascalientes") -> 61 | F13: =SUMIFS(Concentrado!G$2:G$430,Concentrado!$A$2:$A$430,"="&$A13,Concentrado!$B$2:$B$430, "=Aguascalientes") -> 15
A14: 2024 | B14: =SUMIFS(Concentrado!C$2:C$430,Concentrado!$A$2:$A$430,"="&$A14,Concentrado!$B$2:$B$430, "=Aguascalientes") -> 956 | C14: =SUMIFS(Concentrado!D$2:D$430,Concentrado!$A$2:$A$430,"="&$A14,Concentrado!$B$2:$B$430, "=Aguascalientes") -> 1079 | D14: =SUMIFS(Concentrado!E$2:E$430,Concentrado!$A$2:$A$430,"="&$A14,Concentrado!$B$2:$B$430, "=Aguascalientes") -> 672 | E14: =SUMIFS(Concentrado!F$2:F$430,Concentrado!$A$2:$A$430,"="&$A14,Concentrado!$B$2:$B$430, "=Aguascalientes") -> 60 | F14: =SUMIFS(Concentrado!G$2:G$430,Concentrado!$A$2:$A$430,"="&$A14,Concentrado!$B$2:$B$430, "=Aguascalientes") -> 15

Sheet BC
A1: Año | B1: Consultorios | C1: Camas hospitalarias | D1: Camas no hospitalarias | E1: Quirófanos | F1: Salas expulsión
A2: 2012 | B2: =SUMIFS(Concentrado!C$2:C430,Concentrado!$A$2:$A430,"="&$A2,Concentrado!$B$2:$B430, "=Baja California") -> 1468 | C2: =SUMIFS(Concentrado!D$2:D430,Concentrado!$A$2:$A430,"="&$A2,Concentrado!$B$2:$B430, "=Baja California") -> 2166 | D2: =SUMIFS(Concentrado!E$2:E430,Concentrado!$A$2:$A430,"="&$A2,Concentrado!$B$2:$B430, "=Baja California") -> 1089 | E2: =SUMIFS(Concentrado!F$2:F430,Concentrado!$A$2:$A430,"="&$A2,Concentrado!$B$2:$B430, "=Baja California") -> 77 | F2: =SUMIFS(Concentrado!G$2:G430,Concentrado!$A$2:$A430,"="&$A2,Concentrado!$B$2:$B430, "=Baja California") -> 46
A3: 2013 | B3: =SUMIFS(Concentrado!C$2:C431,Concentrado!$A$2:$A431,"="&$A3,Concentrado!$B$2:$B431, "=Baja California") -> 1535 | C3: =SUMIFS(Concentrado!D$2:D431,Concentrado!$A$2:$A431,"="&$A3,Concentrado!$B$2:$B431, "=Baja California") -> 2152 | D3: =SUMIFS(Concentrado!E$2:E431,Concentrado!$A$2:$A431,"="&$A3,Concentrado!$B$2:$B431, "=Baja California") -> 1150 | E3: =SUMIFS(Concentrado!F$2:F431,Concentrado!$A$2:$A431,"="&$A3,Concentrado!$B$2:$B431, "=Baja California") -> 96 | F3: =SUMIFS(Concentrado!G$2:G431,Concentrado!$A$2:$A431,"="&$A3,Concentrado!$B$2:$B431, "=Baja California") -> 44
A4: 2014 | B4: =SUMIFS(Concentrado!C$2:C432,Concentrado!$A$2:$A432,"="&$A4,Concentrado!$B$2:$B432, "=Baja California") -> 1619 | C4: =SUMIFS(Concentrado!D$2:D432,Concentrado!$A$2:$A432,"="&$A4,Concentrado!$B$2:$B432, "=Baja California") -> 2193 | D4: =SUMIFS(Concentrado!E$2:E432,Concentrado!$A$2:$A432,"="&$A4,Concentrado!$B$2:$B432, "=Baja California") -> 1271 | E4: =SUMIFS(Concentrado!F$2:F432,Concentrado!$A$2:$A432,"="&$A4,Concentrado!$B$2:$B432, "=Baja California") -> 97 | F4: =SUMIFS(Concentrado!G$2:G432,Concentrado!$A$2:$A432,"="&$A4,Concentrado!$B$2:$B432, "=Baja California") -> 42
A5: 2015 | B5: =SUMIFS(Concentrado!C$2:C433,Concentrado!$A$2:$A433,"="&$A5,Concentrado!$B$2:$B433, "=Baja California") -> 1598 | C5: =SUMIFS(Concentrado!D$2:D433,Concentrado!$A$2:$A433,"="&$A5,Concentrado!$B$2:$B433, "=Baja California") -> 2152 | D5: =SUMIFS(Concentrado!E$2:E433,Concentrado!$A$2:$A433,"="&$A5,Concentrado!$B$2:$B433, "=Baja California") -> 1076 | E5: =SUMIFS(Concentrado!F$2:F433,Concentrado!$A$2:$A433,"="&$A5,Concentrado!$B$2:$B433, "=Baja California") -> 105 | F5: =SUMIFS(Concentrado!G$2:G433,Concentrado!$A$2:$A433,"="&$A5,Concentrado!$B$2:$B433, "=Baja California") -> 42
A6: 2016 | B6: =SUMIFS(Concentrado!C$2:C434,Concentrado!$A$2:$A434,"="&$A6,Concentrado!$B$2:$B434, "=Baja California") -> 1668 | C6: =SUMIFS(Concentrado!D$2:D434,Concentrado!$A$2:$A434,"="&$A6,Concentrado!$B$2:$B434, "=Baja California") -> 2171 | D6: =SUMIFS(Concentrado!E$2:E434,Concentrado!$A$2:$A434,"="&$A6,Concentrado!$B$2:$B434, "=Baja California") -> 1056 | E6: =SUMIFS(Concentrado!F$2:F434,Concentrado!$A$2:$A434,"="&$A6,Concentrado!$B$2:$B434, "=Baja California") -> 102 | F6: =SUMIFS(Concentrado!G$2:G434,Concentrado!$A$2:$A434,"="&$A6,Concentrado!$B$2:$B434, "=Baja California") -> 39
A7: 2017 | B7: =SUMIFS(Concentrado!C$2:C435,Concentrado!$A$2:$A435,"="&$A7,Concentrado!$B$2:$B435, "=Baja California") -> 1627 | C7: =SUMIFS(Concentrado!D$2:D435,Concentrado!$A$2:$A435,"="&$A7,Concentrado!$B$2:$B435, "=Baja California") -> 2183 | D7: =SUMIFS(Concentrado!E$2:E435,Concentrado!$A$2:$A435,"="&$A7,Concentrado!$B$2:$B435, "=Baja California") -> 1036 | E7: =SUMIFS(Concentrado!F$2:F435,Concentrado!$A$2:$A435,"="&$A7,Concentrado!$B$2:$B435, "=Baja California") -> 105 | F7: =SUMIFS(Concentrado!G$2:G435,Concentrado!$A$2:$A435,"="&$A7,Concentrado!$B$2:$B435, "=Baja California") -> 39
A8: 2018 | B8: =SUMIFS(Concentrado!C$2:C436,Concentrado!$A$2:$A436,"="&$A8,Concentrado!$B$2:$B436, "=Baja California") -> 1639 | C8: =SUMIFS(Concentrado!D$2:D436,Concentrado!$A$2:$A436,"="&$A8,Concentrado!$B$2:$B436, "=Baja California") -> 2153 | D8: =SUMIFS(Concentrado!E$2:E436,Concentrado!$A$2:$A436,"="&$A8,Concentrado!$B$2:$B436, "=Baja California") -> 1069 | E8: =SUMIFS(Concentrado!F$2:F436,Concentrado!$A$2:$A436,"="&$A8,Concentrado!$B$2:$B436, "=Baja California") -> 99 | F8: =SUMIFS(Concentrado!G$2:G436,Concentrado!$A$2:$A436,"="&$A8,Concentrado!$B$2:$B436, "=Baja California") -> 41
A9: 2019 | B9: =SUMIFS(Concentrado!C$2:C437,Concentrado!$A$2:$A437,"="&$A9,Concentrado!$B$2:$B437, "=Baja California") -> 1517 | C9: =SUMIFS(Concentrado!D$2:D437,Concentrado!$A$2:$A437,"="&$A9,Concentrado!$B$2:$B437, "=Baja California") -> 2134 | D9: =SUMIFS(Concentrado!E$2:E437,Concentrado!$A$2:$A437,"="&$A9,Concentrado!$B$2:$B437, "=Baja California") -> 1070 | E9: =SUMIFS(Concentrado!F$2:F437,Concentrado!$A$2:$A437,"="&$A9,Concentrado!$B$2:$B437, "=Baja California") -> 102 | F9: =SUMIFS(Concentrado!G$2:G437,Concentrado!$A$2:$A437,"="&$A9,Concentrado!$B$2:$B437, "=Baja California") -> 38
A10: 2020 | B10: =SUMIFS(Concentrado!C$2:C438,Concentrado!$A$2:$A438,"="&$A10,Concentrado!$B$2:$B438, "=Baja California") -> 1583 | C10: =SUMIFS(Concentrado!D$2:D438,Concentrado!$A$2:$A438,"="&$A10,Concentrado!$B$2:$B438, "=Baja California") -> 2234 | D10: =SUMIFS(Concentrado!E$2:E438,Concentrado!$A$2:$A438,"="&$A10,Concentrado!$B$2:$B438, "=Baja California") -> 1132 | E10: =SUMIFS(Concentrado!F$2:F438,Concentrado!$A$2:$A438,"="&$A10,Concentrado!$B$2:$B438, "=Baja California") -> 101 | F10: =SUMIFS(Concentrado!G$2:G438,Concentrado!$A$2:$A438,"="&$A10,Concentrado!$B$2:$B438, "=Baja California") -> 39
A11: 2021 | B11: =SUMIFS(Concentrado!C$2:C439,Concentrado!$A$2:$A439,"="&$A11,Concentrado!$B$2:$B439, "=Baja California") -> 1623 | C11: =SUMIFS(Concentrado!D$2:D439,Concentrado!$A$2:$A439,"="&$A11,Concentrado!$B$2:$B439, "=Baja California") -> 2219 | D11: =SUMIFS(Concentrado!E$2:E439,Concentrado!$A$2:$A439,"="&$A11,Concentrado!$B$2:$B439, "=Baja California") -> 1128 | E11: =SUMIFS(Concentrado!F$2:F439,Concentrado!$A$2:$A439,"="&$A11,Concentrado!$B$2:$B439, "=Baja California") -> 100 | F11: =SUMIFS(Concentrado!G$2:G439,Concentrado!$A$2:$A439,"="&$A11,Concentrado!$B$2:$B439, "=Baja California") -> 39
A12: 2022 | B12: =SUMIFS(Concentrado!C$2:C440,Concentrado!$A$2:$A440,"="&$A12,Concentrado!$B$2:$B440, "=Baja California") -> 1708 | C12: =SUMIFS(Concentrado!D$2:D440,Concentrado!$A$2:$A440,"="&$A12,Concentrado!$B$2:$B440, "=Baja California") -> 2349 | D12: =SUMIFS(Concentrado!E$2:E440,Concentrado!$A$2:$A440,"="&$A12,Concentrado!$B$2:$B440, "=Baja California") -> 1097 | E12: =SUMIFS(Concentrado!F$2:F440,Concentrado!$A$2:$A440,"="&$A12,Concentrado!$B$2:$B440, "=Baja California") -> 105 | F12: =SUMIFS(Concentrado!G$2:G440,Concentrado!$A$2:$A440,"="&$A12,Concentrado!$B$2:$B440, "=Baja California") -> 37
A13: 2023 | B13: =SUMIFS(Concentrado!C$2:C441,Concentrado!$A$2:$A441,"="&$A13,Concentrado!$B$2:$B441, "=Baja California") -> 1687 | C13: =SUMIFS(Concentrado!D$2:D441,Concentrado!$A$2:$A441,"="&$A13,Concentrado!$B$2:$B441, "=Baja California") -> 2378 | D13: =SUMIFS(Concentrado!E$2:E441,Concentrado!$A$2:$A441,"="&$A13,Concentrado!$B$2:$B441, "=Baja California") -> 1118 | E13: =SUMIFS(Concentrado!F$2:F441,Concentrado!$A$2:$A441,"="&$A13,Concentrado!$B$2:$B441, "=Baja California") -> 99 | F13: =SUMIFS(Concentrado!G$2:G441,Concentrado!$A$2:$A441,"="&$A13,Concentrado!$B$2:$B441, "=Baja California") -> 38
A14: 2024 | B14: =SUMIFS(Concentrado!C$2:C442,Concentrado!$A$2:$A442,"="&$A14,Concentrado!$B$2:$B442, "=Baja California") -> 1767 | C14: =SUMIFS(Concentrado!D$2:D442,Concentrado!$A$2:$A442,"="&$A14,Concentrado!$B$2:$B442, "=Baja California") -> 2606 | D14: =SUMIFS(Concentrado!E$2:E442,Concentrado!$A$2:$A442,"="&$A14,Concentrado!$B$2:$B442, "=Baja California") -> 1222 | E14: =SUMIFS(Concentrado!F$2:F442,Concentrado!$A$2:$A442,"="&$A14,Concentrado!$B$2:$B442, "=Baja California") -> 109 | F14: =SUMIFS(Concentrado!G$2:G442,Concentrado!$A$2:$A442,"="&$A14,Concentrado!$B$2:$B442, "=Baja California") -> 37

Sheet BCS
A1: Año | B1: Consultorios | C1: Camas hospitalarias | D1: Camas no hospitalarias | E1: Quirófanos | F1: Salas expulsión
A2: 2012 | B2: =SUMIFS(Concentrado!C$2:C430,Concentrado!$A$2:$A430,"="&$A2,Concentrado!$B$2:$B430, "=Baja California Sur") -> 549 | C2: =SUMIFS(Concentrado!D$2:D430,Concentrado!$A$2:$A430,"="&$A2,Concentrado!$B$2:$B430, "=Baja California Sur") -> 673 | D2: =SUMIFS(Concentrado!E$2:E430,Concentrado!$A$2:$A430,"="&$A2,Concentrado!$B$2:$B430, "=Baja California Sur") -> 514 | E2: =SUMIFS(Concentrado!F$2:F430,Concentrado!$A$2:$A430,"="&$A2,Concentrado!$B$2:$B430, "=Baja California Sur") -> 31 | F2: =SUMIFS(Concentrado!G$2:G430,Concentrado!$A$2:$A430,"="&$A2,Concentrado!$B$2:$B430, "=Baja California Sur") -> 26
A3: 2013 | B3: =SUMIFS(Concentrado!C$2:C431,Concentrado!$A$2:$A431,"="&$A3,Concentrado!$B$2:$B431, "=Baja California Sur") -> 597 | C3: =SUMIFS(Concentrado!D$2:D431,Concentrado!$A$2:$A431,"="&$A3,Concentrado!$B$2:$B431, "=Baja California Sur") -> 674 | D3: =SUMIFS(Concentrado!E$2:E431,Concentrado!$A$2:$A431,"="&$A3,Concentrado!$B$2:$B431, "=Baja California Sur") -> 548 | E3: =SUMIFS(Concentrado!F$2:F431,Concentrado!$A$2:$A431,"="&$A3,Concentrado!$B$2:$B431, "=Baja California Sur") -> 36 | F3: =SUMIFS(Concentrado!G$2:G431,Concentrado!$A$2:$A431,"="&$A3,Concentrado!$B$2:$B431, "=Baja California Sur") -> 26
A4: 2014 | B4: =SUMIFS(Concentrado!C$2:C432,Concentrado!$A$2:$A432,"="&$A4,Concentrado!$B$2:$B432, "=Baja California Sur") -> 618 | C4: =SUMIFS(Concentrado!D$2:D432,Concentrado!$A$2:$A432,"="&$A4,Concentrado!$B$2:$B432, "=Baja California Sur") -> 678 | D4: =SUMIFS(Concentrado!E$2:E432,Concentrado!$A$2:$A432,"="&$A4,Concentrado!$B$2:$B432, "=Baja California Sur") -> 530 | E4: =SUMIFS(Concentrado!F$2:F432,Concentrado!$A$2:$A432,"="&$A4,Concentrado!$B$2:$B432, "=Baja California Sur") -> 38 | F4: =SUMIFS(Concentrado!G$2:G432,Concentrado!$A$2:$A432,"="&$A4,Concentrado!$B$2:$B432, "=Baja California Sur") -> 26
A5: 2015 | B5: =SUMIFS(Concentrado!C$2:C433,Concentrado!$A$2:$A433,"="&$A5,Concentrado!$B$2:$B433, "=Baja California Sur") -> 613 | C5: =SUMIFS(Concentrado!D$2:D433,Concentrado!$A$2:$A433,"="&$A5,Concentrado!$B$2:$B433, "=Baja California Sur") -> 679 | D5: =SUMIFS(Concentrado!E$2:E433,Concentrado!$A$2:$A433,"="&$A5,Concentrado!$B$2:$B433, "=Baja California Sur") -> 462 | E5: =SUMIFS(Concentrado!F$2:F433,Concentrado!$A$2:$A433,"="&$A5,Concentrado!$B$2:$B433, "=Baja California Sur") -> 38 | F5: =SUMIFS(Concentrado!G$2:G433,Concentrado!$A$2:$A433,"="&$A5,Concentrado!$B$2:$B433, "=Baja California Sur") -> 25
A6: 2016 | B6: =SUMIFS(Concentrado!C$2:C434,Concentrado!$A$2:$A434,"="&$A6,Concentrado!$B$2:$B434, "=Baja California Sur") -> 606 | C6: =SUMIFS(Concentrado!D$2:D434,Concentrado!$A$2:$A434,"="&$A6,Concentrado!$B$2:$B434, "=Baja California Sur") -> 695 | D6: =SUMIFS(Concentrado!E$2:E434,Concentrado!$A$2:$A434,"="&$A6,Concentrado!$B$2:$B434, "=Baja California Sur") -> 449 | E6: =SUMIFS(Concentrado!F$2:F434,Concentrado!$A$2:$A434,"="&$A6,Concentrado!$B$2:$B434, "=Baja California Sur") -> 38 | F6: =SUMIFS(Concentrado!G$2:G434,Concentrado!$A$2:$A434,"="&$A6,Concentrado!$B$2:$B434, "=Baja California Sur") -> 32
A7: 2017 | B7: =SUMIFS(Concentrado!C$2:C435,Concentrado!$A$2:$A435,"="&$A7,Concentrado!$B$2:$B435, "=Baja California Sur") -> 628 | C7: =SUMIFS(Concentrado!D$2:D435,Concentrado!$A$2:$A435,"="&$A7,Concentrado!$B$2:$B435, "=Baja California Sur") -> 690 | D7: =SUMIFS(Concentrado!E$2:E435,Concentrado!$A$2:$A435,"="&$A7,Concentrado!$B$2:$B435, "=Baja California Sur") -> 435 | E7: =SUMIFS(Concentrado!F$2:F435,Concentrado!$A$2:$A435,"="&$A7,Concentrado!$B$2:$B435, "=Baja California Sur") -> 38 | F7: =SUMIFS(Concentrado!G$2:G435,Concentrado!$A$2:$A435,"="&$A7,Concentrado!$B$2:$B435, "=Baja California Sur") -> 32
A8: 2018 | B8: =SUMIFS(Concentrado!C$2:C436,Concentrado!$A$2:$A436,"="&$A8,Concentrado!$B$2:$B436, "=Baja California Sur") -> 631 | C8: =SUMIFS(Concentrado!D$2:D436,Concentrado!$A$2:$A436,"="&$A8,Concentrado!$B$2:$B436, "=Baja California Sur") -> 695 | D8: =SUMIFS(Concentrado!E$2:E436,Concentrado!$A$2:$A436,"="&$A8,Concentrado!$B$2:$B436, "=Baja California Sur") -> 420 | E8: =SUMIFS(Concentrado!F$2:F436,Concentrado!$A$2:$A436,"="&$A8,Concentrado!$B$2:$B436, "=Baja California Sur") -> 38 | F8: =SUMIFS(Concentrado!G$2:G436,Concentrado!$A$2:$A436,"="&$A8,Concentrado!$B$2:$B436, "=Baja California Sur") -> 31
A9: 2019 | B9: =SUMIFS(Concentrado!C$2:C437,Concentrado!$A$2:$A437,"="&$A9,Concentrado!$B$2:$B437, "=Baja California Sur") -> 660 | C9: =SUMIFS(Concentrado!D$2:D437,Concentrado!$A$2:$A437,"="&$A9,Concentrado!$B$2:$B437, "=Baja California Sur") -> 713 | D9: =SUMIFS(Concentrado!E$2:E437,Concentrado!$A$2:$A437,"="&$A9,Concentrado!$B$2:$B437, "=Baja California Sur") -> 452 | E9: =SUMIFS(Concentrado!F$2:F437,Concentrado!$A$2:$A437,"="&$A9,Concentrado!$B$2:$B437, "=Baja California Sur") -> 37 | F9: =SUMIFS(Concentrado!G$2:G437,Concentrado!$A$2:$A437,"="&$A9,Concentrado!$B$2:$B437, "=Baja California Sur") -> 32
A10: 2020 | B10: =SUMIFS(Concentrado!C$2:C438,Concentrado!$A$2:$A438,"="&$A10,Concentrado!$B$2:$B438, "=Baja California Sur") -> 673 | C10: =SUMIFS(Concentrado!D$2:D438,Concentrado!$A$2:$A438,"="&$A10,Concentrado!$B$2:$B438, "=Baja California Sur") -> 756 | D10: =SUMIFS(Concentrado!E$2:E438,Concentrado!$A$2:$A438,"="&$A10,Concentrado!$B$2:$B438, "=Baja California Sur") -> 453 | E10: =SUMIFS(Concentrado!F$2:F438,Concentrado!$A$2:$A438,"="&$A10,Concentrado!$B$2:$B438, "=Baja California Sur") -> 35 | F10: =SUMIFS(Concentrado!G$2:G438,Concentrado!$A$2:$A438,"="&$A10,Concentrado!$B$2:$B438, "=Baja California Sur") -> 33
A11: 2021 | B11: =SUMIFS(Concentrado!C$2:C439,Concentrado!$A$2:$A439,"="&$A11,Concentrado!$B$2:$B439, "=Baja California Sur") -> 666 | C11: =SUMIFS(Concentrado!D$2:D439,Concentrado!$A$2:$A439,"="&$A11,Concentrado!$B$2:$B439, "=Baja California Sur") -> 721 | D11: =SUMIFS(Concentrado!E$2:E439,Concentrado!$A$2:$A439,"="&$A11,Concentrado!$B$2:$B439, "=Baja California Sur") -> 445 | E11: =SUMIFS(Concentrado!F$2:F439,Concentrado!$A$2:$A439,"="&$A11,Concentrado!$B$2:$B439, "=Baja California Sur") -> 38 | F11: =SUMIFS(Concentrado!G$2:G439,Concentrado!$A$2:$A439,"="&$A11,Concentrado!$B$2:$B439, "=Baja California Sur") -> 35
A12: 2022 | B12: =SUMIFS(Concentrado!C$2:C440,Concentrado!$A$2:$A440,"="&$A12,Concentrado!$B$2:$B440, "=Baja California Sur") -> 647 | C12: =SUMIFS(Concentrado!D$2:D440,Concentrado!$A$2:$A440,"="&$A12,Concentrado!$B$2:$B440, "=Baja California Sur") -> 813 | D12: =SUMIFS(Concentrado!E$2:E440,Concentrado!$A$2:$A440,"="&$A12,Concentrado!$B$2:$B440, "=Baja California Sur") -> 439 | E12: =SUMIFS(Concentrado!F$2:F440,Concentrado!$A$2:$A440,"="&$A12,Concentrado!$B$2:$B440, "=Baja California Sur") -> 38 | F12: =SUMIFS(Concentrado!G$2:G440,Concentrado!$A$2:$A440,"="&$A12,Concentrado!$B$2:$B440, "=Baja California Sur") -> 27
A13: 2023 | B13: =SUMIFS(Concentrado!C$2:C441,Concentrado!$A$2:$A441,"="&$A13,Concentrado!$B$2:$B441, "=Baja California Sur") -> 714 | C13: =SUMIFS(Concentrado!D$2:D441,Concentrado!$A$2:$A441,"="&$A13,Concentrado!$B$2:$B441, "=Baja California Sur") -> 859 | D13: =SUMIFS(Concentrado!E$2:E441,Concentrado!$A$2:$A441,"="&$A13,Concentrado!$B$2:$B441, "=Baja California Sur") -> 483 | E13: =SUMIFS(Concentrado!F$2:F441,Concentrado!$A$2:$A441,"="&$A13,Concentrado!$B$2:$B441, "=Baja California Sur") -> 43 | F13: =SUMIFS(Concentrado!G$2:G441,Concentrado!$A$2:$A441,"="&$A13,Concentrado!$B$2:$B441, "=Baja California Sur") -> 29
A14: 2024 | B14: =SUMIFS(Concentrado!C$2:C442,Concentrado!$A$2:$A442,"="&$A14,Concentrado!$B$2:$B442, "=Baja California Sur") -> 714 | C14: =SUMIFS(Concentrado!D$2:D442,Concentrado!$A$2:$A442,"="&$A14,Concentrado!$B$2:$B442, "=Baja California Sur") -> 892 | D14: =SUMIFS(Concentrado!E$2:E442,Concentrado!$A$2:$A442,"="&$A14,Concentrado!$B$2:$B442, "=Baja California Sur") -> 509 | E14: =SUMIFS(Concentrado!F$2:F442,Concentrado!$A$2:$A442,"="&$A14,Concentrado!$B$2:$B442, "=Baja California Sur") -> 45 | F14: =SUMIFS(Concentrado!G$2:G442,Concentrado!$A$2:$A442,"="&$A14,Concentrado!$B$2:$B442, "=Baja California Sur") -> 24

Sheet CAMP
A1: Año | B1: Consultorios | C1: Camas hospitalarias | D1: Camas no hospitalarias | E1: Quirófanos | F1: Salas expulsión
A2: 2012 | B2: =SUMIFS(Concentrado!C$2:C430,Concentrado!$A$2:$A430,"="&$A2,Concentrado!$B$2:$B430, "=Campeche") -> 791 | C2: =SUMIFS(Concentrado!D$2:D430,Concentrado!$A$2:$A430,"="&$A2,Concentrado!$B$2:$B430, "=Campeche") -> 860 | D2: =SUMIFS(Concentrado!E$2:E430,Concentrado!$A$2:$A430,"="&$A2,Concentrado!$B$2:$B430, "=Campeche") -> 549 | E2: =SUMIFS(Concentrado!F$2:F430,Concentrado!$A$2:$A430,"="&$A2,Concentrado!$B$2:$B430, "=Campeche") -> 35 | F2: =SUMIFS(Concentrado!G$2:G430,Concentrado!$A$2:$A430,"="&$A2,Concentrado!$B$2:$B430, "=Campeche") -> 24
A3: 2013 | B3: =SUMIFS(Concentrado!C$2:C431,Concentrado!$A$2:$A431,"="&$A3,Concentrado!$B$2:$B431, "=Campeche") -> 828 | C3: =SUMIFS(Concentrado!D$2:D431,Concentrado!$A$2:$A431,"="&$A3,Concentrado!$B$2:$B431, "=Campeche") -> 945 | D3: =SUMIFS(Concentrado!E$2:E431,Concentrado!$A$2:$A431,"="&$A3,Concentrado!$B$2:$B431, "=Campeche") -> 609 | E3: =SUMIFS(Concentrado!F$2:F431,Concentrado!$A$2:$A431,"="&$A3,Concentrado!$B$2:$B431, "=Campeche") -> 40 | F3: =SUMIFS(Concentrado!G$2:G431,Concentrado!$A$2:$A431,"="&$A3,Concentrado!$B$2:$B431, "=Campeche") -> 25
A4: 2014 | B4: =SUMIFS(Concentrado!C$2:C432,Concentrado!$A$2:$A432,"="&$A4,Concentrado!$B$2:$B432, "=Campeche") -> 820 | C4: =SUMIFS(Concentrado!D$2:D432,Concentrado!$A$2:$A432,"="&$A4,Concentrado!$B$2:$B432, "=Campeche") -> 939 | D4: =SUMIFS(Concentrado!E$2:E432,Concentrado!$A$2:$A432,"="&$A4,Concentrado!$B$2:$B432, "=Campeche") -> 618 | E4: =SUMIFS(Concentrado!F$2:F432,Concentrado!$A$2:$A432,"="&$A4,Concentrado!$B$2:$B432, "=Campeche") -> 39 | F4: =SUMIFS(Concentrado!G$2:G432,Concentrado!$A$2:$A432,"="&$A4,Concentrado!$B$2:$B432, "=Campeche") -> 25
A5: 2015 | B5: =SUMIFS(Concentrado!C$2:C433,Concentrado!$A$2:$A433,"="&$A5,Concentrado!$B$2:$B433, "=Campeche") -> 774 | C5: =SUMIFS(Concentrado!D$2:D433,Concentrado!$A$2:$A433,"="&$A5,Concentrado!$B$2:$B433, "=Campeche") -> 779 | D5: =SUMIFS(Concentrado!E$2:E433,Concentrado!$A$2:$A433,"="&$A5,Concentrado!$B$2:$B433, "=Campeche") -> 537 | E5: =SUMIFS(Concentrado!F$2:F433,Concentrado!$A$2:$A433,"="&$A5,Concentrado!$B$2:$B433, "=Campeche") -> 38 | F5: =SUMIFS(Concentrado!G$2:G433,Concentrado!$A$2:$A433,"="&$A5,Concentrado!$B$2:$B433, "=Campeche") -> 24
A6: 2016 | B6: =SUMIFS(Concentrado!C$2:C434,Concentrado!$A$2:$A434,"="&$A6,Concentrado!$B$2:$B434, "=Campeche") -> 787 | C6: =SUMIFS(Concentrado!D$2:D434,Concentrado!$A$2:$A434,"="&$A6,Concentrado!$B$2:$B434, "=Campeche") -> 789 | D6: =SUMIFS(Concentrado!E$2:E434,Concentrado!$A$2:$A434,"="&$A6,Concentrado!$B$2:$B434, "=Campeche") -> 544 | E6: =SUMIFS(Concentrado!F$2:F434,Concentrado!$A$2:$A434,"="&$A6,Concentrado!$B$2:$B434, "=Campeche") -> 37 | F6: =SUMIFS(Concentrado!G$2:G434,Concentrado!$A$2:$A434,"="&$A6,Concentrado!$B$2:$B434, "=Campeche") -> 31
A7: 2017 | B7: =SUMIFS(Concentrado!C$2:C435,Concentrado!$A$2:$A435,"="&$A7,Concentrado!$B$2:$B435, "=Campeche") -> 804 | C7: =SUMIFS(Concentrado!D$2:D435,Concentrado!$A$2:$A435,"="&$A7,Concentrado!$B$2:$B435, "=Campeche") -> 764 | D7: =SUMIFS(Concentrado!E$2:E435,Concentrado!$A$2:$A435,"="&$A7,Concentrado!$B$2:$B435, "=Campeche") -> 549 | E7: =SUMIFS(Concentrado!F$2:F435,Concentrado!$A$2:$A435,"="&$A7,Concentrado!$B$2:$B435, "=Campeche") -> 45 | F7: =SUMIFS(Concentrado!G$2:G435,Concentrado!$A$2:$A435,"="&$A7,Concentrado!$B$2:$B435, "=Campeche") -> 30
A8: 2018 | B8: =SUMIFS(Concentrado!C$2:C436,Concentrado!$A$2:$A436,"="&$A8,Concentrado!$B$2:$B436, "=Campeche") -> 811 | C8: =SUMIFS(Concentrado!D$2:D436,Concentrado!$A$2:$A436,"="&$A8,Concentrado!$B$2:$B436, "=Campeche") -> 790 | D8: =SUMIFS(Concentrado!E$2:E436,Concentrado!$A$2:$A436,"="&$A8,Concentrado!$B$2:$B436, "=Campeche") -> 539 | E8: =SUMIFS(Concentrado!F$2:F436,Concentrado!$A$2:$A436,"="&$A8,Concentrado!$B$2:$B436, "=Campeche") -> 40 | F8: =SUMIFS(Concentrado!G$2:G436,Concentrado!$A$2:$A436,"="&$A8,Concentrado!$B$2:$B436, "=Campeche") -> 28
A9: 2019 | B9: =SUMIFS(Concentrado!C$2:C437,Concentrado!$A$2:$A437,"="&$A9,Concentrado!$B$2:$B437, "=Campeche") -> 777 | C9: =SUMIFS(Concentrado!D$2:D437,Concentrado!$A$2:$A437,"="&$A9,Concentrado!$B$2:$B437, "=Campeche") -> 802 | D9: =SUMIFS(Concentrado!E$2:E437,Concentrado!$A$2:$A437,"="&$A9,Concentrado!$B$2:$B437, "=Campeche") -> 587 | E9: =SUMIFS(Concentrado!F$2:F437,Concentrado!$A$2:$A437,"="&$A9,Concentrado!$B$2:$B437, "=Campeche") -> 41 | F9: =SUMIFS(Concentrado!G$2:G437,Concentrado!$A$2:$A437,"="&$A9,Concentrado!$B$2:$B437, "=Campeche") -> 24
A10: 2020 | B10: =SUMIFS(Concentrado!C$2:C438,Concentrado!$A$2:$A438,"="&$A10,Concentrado!$B$2:$B438, "=Campeche") -> 808 | C10: =SUMIFS(Concentrado!D$2:D438,Concentrado!$A$2:$A438,"="&$A10,Concentrado!$B$2:$B438, "=Campeche") -> 843 | D10: =SUMIFS(Concentrado!E$2:E438,Concentrado!$A$2:$A438,"="&$A10,Concentrado!$B$2:$B438, "=Campeche") -> 564 | E10: =SUMIFS(Concentrado!F$2:F438,Concentrado!$A$2:$A438,"="&$A10,Concentrado!$B$2:$B438, "=Campeche") -> 39 | F10: =SUMIFS(Concentrado!G$2:G438,Concentrado!$A$2:$A438,"="&$A10,Concentrado!$B$2:$B438, "=Campeche") -> 21
A11: 2021 | B11: =SUMIFS(Concentrado!C$2:C439,Concentrado!$A$2:$A439,"="&$A11,Concentrado!$B$2:$B439, "=Campeche") -> 764 | C11: =SUMIFS(Concentrado!D$2:D439,Concentrado!$A$2:$A439,"="&$A11,Concentrado!$B$2:$B439, "=Campeche") -> 860 | D11: =SUMIFS(Concentrado!E$2:E439,Concentrado!$A$2:$A439,"="&$A11,Concentrado!$B$2:$B439, "=Campeche") -> 561 | E11: =SUMIFS(Concentrado!F$2:F439,Concentrado!$A$2:$A439,"="&$A11,Concentrado!$B$2:$B439, "=Campeche") -> 40 | F11: =SUMIFS(Concentrado!G$2:G439,Concentrado!$A$2:$A439,"="&$A11,Concentrado!$B$2:$B439, "=Campeche") -> 22
A12: 2022 | B12: =SUMIFS(Concentrado!C$2:C440,Concentrado!$A$2:$A440,"="&$A12,Concentrado!$B$2:$B440, "=Campeche") -> 815 | C12: =SUMIFS(Concentrado!D$2:D440,Concentrado!$A$2:$A440,"="&$A12,Concentrado!$B$2:$B440, "=Campeche") -> 927 | D12: =SUMIFS(Concentrado!E$2:E440,Concentrado!$A$2:$A440,"="&$A12,Concentrado!$B$2:$B440, "=Campeche") -> 555 | E12: =SUMIFS(Concentrado!F$2:F440,Concentrado!$A$2:$A440,"="&$A12,Concentrado!$B$2:$B440, "=Campeche") -> 44 | F12: =SUMIFS(Concentrado!G$2:G440,Concentrado!$A$2:$A440,"="&$A12,Concentrado!$B$2:$B440, "=Campeche") -> 22
A13: 2023 | B13: =SUMIFS(Concentrado!C$2:C441,Concentrado!$A$2:$A441,"="&$A13,Concentrado!$B$2:$B441, "=Campeche") -> 799 | C13: =SUMIFS(Concentrado!D$2:D441,Concentrado!$A$2:$A441,"="&$A13,Concentrado!$B$2:$B441, "=Campeche") -> 847 | D13: =SUMIFS(Concentrado!E$2:E441,Concentrado!$A$2:$A441,"="&$A13,Concentrado!$B$2:$B441, "=Campeche") -> 583 | E13: =SUMIFS(Concentrado!F$2:F441,Concentrado!$A$2:$A441,"="&$A13,Concentrado!$B$2:$B441, "=Campeche") -> 45 | F13: =SUMIFS(Concentrado!G$2:G441,Concentrado!$A$2:$A441,"="&$A13,Concentrado!$B$2:$B441, "=Campeche") -> 23
A14: 2024 | B14: =SUMIFS(Concentrado!C$2:C442,Concentrado!$A$2:$A442,"="&$A14,Concentrado!$B$2:$B442, "=Campeche") -> 834 | C14: =SUMIFS(Concentrado!D$2:D442,Concentrado!$A$2:$A442,"="&$A14,Concentrado!$B$2:$B442, "=Campeche") -> 847 | D14: =SUMIFS(Concentrado!E$2:E442,Concentrado!$A$2:$A442,"="&$A14,Concentrado!$B$2:$B442, "=Campeche") -> 598 | E14: =SUMIFS(Concentrado!F$2:F442,Concentrado!$A$2:$A442,"="&$A14,Concentrado!$B$2:$B442, "=Campeche") -> 47 | F14: =SUMIFS(Concentrado!G$2:G442,Concentrado!$A$2:$A442,"="&$A14,Concentrado!$B$2:$B442, "=Campeche") -> 23

Sheet CHIS
A1: Año | B1: Consultorios | C1: Camas hospitalarias | D1: Camas no hospitalarias | E1: Quirófanos | F1: Salas expulsión
A2: 2012 | B2: =SUMIFS(Concentrado!C$2:C430,Concentrado!$A$2:$A430,"="&$A2,Concentrado!$B$2:$B430, "=Chiapas") -> 2732 | C2: =SUMIFS(Concentrado!D$2:D430,Concentrado!$A$2:$A430,"="&$A2,Concentrado!$B$2:$B430, "=Chiapas") -> 2077 | D2: =SUMIFS(Concentrado!E$2:E430,Concentrado!$A$2:$A430,"="&$A2,Concentrado!$B$2:$B430, "=Chiapas") -> 2528 | E2: =SUMIFS(Concentrado!F$2:F430,Concentrado!$A$2:$A430,"="&$A2,Concentrado!$B$2:$B430, "=Chiapas") -> 121 | F2: =SUMIFS(Concentrado!G$2:G430,Concentrado!$A$2:$A430,"="&$A2,Concentrado!$B$2:$B430, "=Chiapas") -> 84
A3: 2013 | B3: =SUMIFS(Concentrado!C$2:C431,Concentrado!$A$2:$A431,"="&$A3,Concentrado!$B$2:$B431, "=Chiapas") -> 2867 | C3: =SUMIFS(Concentrado!D$2:D431,Concentrado!$A$2:$A431,"="&$A3,Concentrado!$B$2:$B431, "=Chiapas") -> 2226 | D3: =SUMIFS(Concentrado!E$2:E431,Concentrado!$A$2:$A431,"="&$A3,Concentrado!$B$2:$B431, "=Chiapas") -> 2616 | E3: =SUMIFS(Concentrado!F$2:F431,Concentrado!$A$2:$A431,"="&$A3,Concentrado!$B$2:$B431, "=Chiapas") -> 129 | F3: =SUMIFS(Concentrado!G$2:G431,Concentrado!$A$2:$A431,"="&$A3,Concentrado!$B$2:$B431, "=Chiapas") -> 87
A4: 2014 | B4: =SUMIFS(Concentrado!C$2:C432,Concentrado!$A$2:$A432,"="&$A4,Concentrado!$B$2:$B432, "=Chiapas") -> 2963 | C4: =SUMIFS(Concentrado!D$2:D432,Concentrado!$A$2:$A432,"="&$A4,Concentrado!$B$2:$B432, "=Chiapas") -> 2240 | D4: =SUMIFS(Concentrado!E$2:E432,Concentrado!$A$2:$A432,"="&$A4,Concentrado!$B$2:$B432, "=Chiapas") -> 2664 | E4: =SUMIFS(Concentrado!F$2:F432,Concentrado!$A$2:$A432,"="&$A4,Concentrado!$B$2:$B432, "=Chiapas") -> 128 | F4: =SUMIFS(Concentrado!G$2:G432,Concentrado!$A$2:$A432,"="&$A4,Concentrado!$B$2:$B432, "=Chiapas") -> 92
A5: 2015 | B5: =SUMIFS(Concentrado!C$2:C433,Concentrado!$A$2:$A433,"="&$A5,Concentrado!$B$2:$B433, "=Chiapas") -> 3011 | C5: =SUMIFS(Concentrado!D$2:D433,Concentrado!$A$2:$A433,"="&$A5,Concentrado!$B$2:$B433, "=Chiapas") -> 2193 | D5: =SUMIFS(Concentrado!E$2:E433,Concentrado!$A$2:$A433,"="&$A5,Concentrado!$B$2:$B433, "=Chiapas") -> 1629 | E5: =SUMIFS(Concentrado!F$2:F433,Concentrado!$A$2:$A433,"="&$A5,Concentrado!$B$2:$B433, "=Chiapas") -> 133 | F5: =SUMIFS(Concentrado!G$2:G433,Concentrado!$A$2:$A433,"="&$A5,Concentrado!$B$2:$B433, "=Chiapas") -> 95
A6: 2016 | B6: =SUMIFS(Concentrado!C$2:C434,Concentrado!$A$2:$A434,"="&$A6,Concentrado!$B$2:$B434, "=Chiapas") -> 3064 | C6: =SUMIFS(Concentrado!D$2:D434,Concentrado!$A$2:$A434,"="&$A6,Concentrado!$B$2:$B434, "=Chiapas") -> 2350 | D6: =SUMIFS(Concentrado!E$2:E434,Concentrado!$A$2:$A434,"="&$A6,Concentrado!$B$2:$B434, "=Chiapas") -> 1690 | E6: =SUMIFS(Concentrado!F$2:F434,Concentrado!$A$2:$A434,"="&$A6,Concentrado!$B$2:$B434, "=Chiapas") -> 136 | F6: =SUMIFS(Concentrado!G$2:G434,Concentrado!$A$2:$A434,"="&$A6,Concentrado!$B$2:$B434, "=Chiapas") -> 93
A7: 2017 | B7: =SUMIFS(Concentrado!C$2:C435,Concentrado!$A$2:$A435,"="&$A7,Concentrado!$B$2:$B435, "=Chiapas") -> 3020 | C7: =SUMIFS(Concentrado!D$2:D435,Concentrado!$A$2:$A435,"="&$A7,Concentrado!$B$2:$B435, "=Chiapas") -> 2412 | D7: =SUMIFS(Concentrado!E$2:E435,Concentrado!$A$2:$A435,"="&$A7,Concentrado!$B$2:$B435, "=Chiapas") -> 1561 | E7: =SUMIFS(Concentrado!F$2:F435,Concentrado!$A$2:$A435,"="&$A7,Concentrado!$B$2:$B435, "=Chiapas") -> 142 | F7: =SUMIFS(Concentrado!G$2:G435,Concentrado!$A$2:$A435,"="&$A7,Concentrado!$B$2:$B435, "=Chiapas") -> 94
A8: 2018 | B8: =SUMIFS(Concentrado!C$2:C436,Concentrado!$A$2:$A436,"="&$A8,Concentrado!$B$2:$B436, "=Chiapas") -> 3122 | C8: =SUMIFS(Concentrado!D$2:D436,Concentrado!$A$2:$A436,"="&$A8,Concentrado!$B$2:$B436, "=Chiapas") -> 2260 | D8: =SUMIFS(Concentrado!E$2:E436,Concentrado!$A$2:$A436,"="&$A8,Concentrado!$B$2:$B436, "=Chiapas") -> 1589 | E8: =SUMIFS(Concentrado!F$2:F436,Concentrado!$A$2:$A436,"="&$A8,Concentrado!$B$2:$B436, "=Chiapas") -> 146 | F8: =SUMIFS(Concentrado!G$2:G436,Concentrado!$A$2:$A436,"="&$A8,Concentrado!$B$2:$B436, "=Chiapas") -> 94
A9: 2019 | B9: =SUMIFS(Concentrado!C$2:C437,Concentrado!$A$2:$A437,"="&$A9,Concentrado!$B$2:$B437, "=Chiapas") -> 3098 | C9: =SUMIFS(Concentrado!D$2:D437,Concentrado!$A$2:$A437,"="&$A9,Concentrado!$B$2:$B437, "=Chiapas") -> 2252 | D9: =SUMIFS(Concentrado!E$2:E437,Concentrado!$A$2:$A437,"="&$A9,Concentrado!$B$2:$B437, "=Chiapas") -> 1636 | E9: =SUMIFS(Concentrado!F$2:F437,Concentrado!$A$2:$A437,"="&$A9,Concentrado!$B$2:$B437, "=Chiapas") -> 151 | F9: =SUMIFS(Concentrado!G$2:G437,Concentrado!$A$2:$A437,"="&$A9,Concentrado!$B$2:$B437, "=Chiapas") -> 97
A10: 2020 | B10: =SUMIFS(Concentrado!C$2:C438,Concentrado!$A$2:$A438,"="&$A10,Concentrado!$B$2:$B438, "=Chiapas") -> 3164 | C10: =SUMIFS(Concentrado!D$2:D438,Concentrado!$A$2:$A438,"="&$A10,Concentrado!$B$2:$B438, "=Chiapas") -> 2495 | D10: =SUMIFS(Concentrado!E$2:E438,Concentrado!$A$2:$A438,"="&$A10,Concentrado!$B$2:$B438, "=Chiapas") -> 1638 | E10: =SUMIFS(Concentrado!F$2:F438,Concentrado!$A$2:$A438,"="&$A10,Concentrado!$B$2:$B438, "=Chiapas") -> 145 | F10: =SUMIFS(Concentrado!G$2:G438,Concentrado!$A$2:$A438,"="&$A10,Concentrado!$B$2:$B438, "=Chiapas") -> 101
A11: 2021 | B11: =SUMIFS(Concentrado!C$2:C439,Concentrado!$A$2:$A439,"="&$A11,Concentrado!$B$2:$B439, "=Chiapas") -> 3242 | C11: =SUMIFS(Concentrado!D$2:D439,Concentrado!$A$2:$A439,"="&$A11,Concentrado!$B$2:$B439, "=Chiapas") -> 2645 | D11: =SUMIFS(Concentrado!E$2:E439,Concentrado!$A$2:$A439,"="&$A11,Concentrado!$B$2:$B439, "=Chiapas") -> 1727 | E11: =SUMIFS(Concentrado!F$2:F439,Concentrado!$A$2:$A439,"="&$A11,Concentrado!$B$2:$B439, "=Chiapas") -> 145 | F11: =SUMIFS(Concentrado!G$2:G439,Concentrado!$A$2:$A439,"="&$A11,Concentrado!$B$2:$B439, "=Chiapas") -> 104
A12: 2022 | B12: =SUMIFS(Concentrado!C$2:C440,Concentrado!$A$2:$A440,"="&$A12,Concentrado!$B$2:$B440, "=Chiapas") -> 3928 | C12: =SUMIFS(Concentrado!D$2:D440,Concentrado!$A$2:$A440,"="&$A12,Concentrado!$B$2:$B440, "=Chiapas") -> 2699 | D12: =SUMIFS(Concentrado!E$2:E440,Concentrado!$A$2:$A440,"="&$A12,Concentrado!$B$2:$B440, "=Chiapas") -> 1773 | E12: =SUMIFS(Concentrado!F$2:F440,Concentrado!$A$2:$A440,"="&$A12,Concentrado!$B$2:$B440, "=Chiapas") -> 151 | F12: =SUMIFS(Concentrado!G$2:G440,Concentrado!$A$2:$A440,"="&$A12,Concentrado!$B$2:$B440, "=Chiapas") -> 114
A13: 2023 | B13: =SUMIFS(Concentrado!C$2:C441,Concentrado!$A$2:$A441,"="&$A13,Concentrado!$B$2:$B441, "=Chiapas") -> 3851 | C13: =SUMIFS(Concentrado!D$2:D441,Concentrado!$A$2:$A441,"="&$A13,Concentrado!$B$2:$B441, "=Chiapas") -> 2503 | D13: =SUMIFS(Concentrado!E$2:E441,Concentrado!$A$2:$A441,"="&$A13,Concentrado!$B$2:$B441, "=Chiapas") -> 1735 | E13: =SUMIFS(Concentrado!F$2:F441,Concentrado!$A$2:$A441,"="&$A13,Concentrado!$B$2:$B441, "=Chiapas") -> 144 | F13: =SUMIFS(Concentrado!G$2:G441,Concentrado!$A$2:$A441,"="&$A13,Concentrado!$B$2:$B441, "=Chiapas") -> 119
A14: 2024 | B14: =SUMIFS(Concentrado!C$2:C442,Concentrado!$A$2:$A442,"="&$A14,Concentrado!$B$2:$B442, "=Chiapas") -> 3953 | C14: =SUMIFS(Concentrado!D$2:D442,Concentrado!$A$2:$A442,"="&$A14,Concentrado!$B$2:$B442, "=Chiapas") -> 2427 | D14: =SUMIFS(Concentrado!E$2:E442,Concentrado!$A$2:$A442,"="&$A14,Concentrado!$B$2:$B442, "=Chiapas") -> 1914 | E14: =SUMIFS(Concentrado!F$2:F442,Concentrado!$A$2:$A442,"="&$A14,Concentrado!$B$2:$B442, "=Chiapas") -> 152 | F14: =SUMIFS(Concentrado!G$2:G442,Concentrado!$A$2:$A442,"="&$A14,Concentrado!$B$2:$B442, "=Chiapas") -> 129

Sheet CHI
A1: Año | B1: Consultorios | C1: Camas hospitalarias | D1: Camas no hospitalarias | E1: Quirófanos | F1: Salas expulsión
A2: 2012 | B2: =SUMIFS(Concentrado!C$2:C430,Concentrado!$A$2:$A430,"="&$A2,Concentrado!$B$2:$B430, "=Chihuahua") -> 1892 | C2: =SUMIFS(Concentrado!D$2:D430,Concentrado!$A$2:$A430,"="&$A2,Concentrado!$B$2:$B430, "=Chihuahua") -> 2767 | D2: =SUMIFS(Concentrado!E$2:E430,Concentrado!$A$2:$A430,"="&$A2,Concentrado!$B$2:$B430, "=Chihuahua") -> 1682 | E2: =SUMIFS(Concentrado!F$2:F430,Concentrado!$A$2:$A430,"="&$A2,Concentrado!$B$2:$B430, "=Chihuahua") -> 113 | F2: =SUMIFS(Concentrado!G$2:G430,Concentrado!$A$2:$A430,"="&$A2,Concentrado!$B$2:$B430, "=Chihuahua") -> 75
A3: 2013 | B3: =SUMIFS(Concentrado!C$2:C431,Concentrado!$A$2:$A431,"="&$A3,Concentrado!$B$2:$B431, "=Chihuahua") -> 2012 | C3: =SUMIFS(Concentrado!D$2:D431,Concentrado!$A$2:$A431,"="&$A3,Concentrado!$B$2:$B431, "=Chihuahua") -> 2781 | D3: =SUMIFS(Concentrado!E$2:E431,Concentrado!$A$2:$A431,"="&$A3,Concentrado!$B$2:$B431, "=Chihuahua") -> 1801 | E3: =SUMIFS(Concentrado!F$2:F431,Concentrado!$A$2:$A431,"="&$A3,Concentrado!$B$2:$B431, "=Chihuahua") -> 122 | F3: =SUMIFS(Concentrado!G$2:G431,Concentrado!$A$2:$A431,"="&$A3,Concentrado!$B$2:$B431, "=Chihuahua") -> 75
A4: 2014 | B4: =SUMIFS(Concentrado!C$2:C432,Concentrado!$A$2:$A432,"="&$A4,Concentrado!$B$2:$B432, "=Chihuahua") -> 2042 | C4: =SUMIFS(Concentrado!D$2:D432,Concentrado!$A$2:$A432,"="&$A4,Concentrado!$B$2:$B432, "=Chihuahua") -> 2800 | D4: =SUMIFS(Concentrado!E$2:E432,Concentrado!$A$2:$A432,"="&$A4,Concentrado!$B$2:$B432, "=Chihuahua") -> 1748 | E4: =SUMIFS(Concentrado!F$2:F432,Concentrado!$A$2:$A432,"="&$A4,Concentrado!$B$2:$B432, "=Chihuahua") -> 113 | F4: =SUMIFS(Concentrado!G$2:G432,Concentrado!$A$2:$A432,"="&$A4,Concentrado!$B$2:$B432, "=Chihuahua") -> 74
A5: 2015 | B5: =SUMIFS(Concentrado!C$2:C433,Concentrado!$A$2:$A433,"="&$A5,Concentrado!$B$2:$B433, "=Chihuahua") -> 2080 | C5: =SUMIFS(Concentrado!D$2:D433,Concentrado!$A$2:$A433,"="&$A5,Concentrado!$B$2:$B433, "=Chihuahua") -> 2873 | D5: =SUMIFS(Concentrado!E$2:E433,Concentrado!$A$2:$A433,"="&$A5,Concentrado!$B$2:$B433, "=Chihuahua") -> 1637 | E5: =SUMIFS(Concentrado!F$2:F433,Concentrado!$A$2:$A433,"="&$A5,Concentrado!$B$2:$B433, "=Chihuahua") -> 121 | F5: =SUMIFS(Concentrado!G$2:G433,Concentrado!$A$2:$A433,"="&$A5,Concentrado!$B$2:$B433, "=Chihuahua") -> 89
A6: 2016 | B6: =SUMIFS(Concentrado!C$2:C434,Concentrado!$A$2:$A434,"="&$A6,Concentrado!$B$2:$B434, "=Chihuahua") -> 2029 | C6: =SUMIFS(Concentrado!D$2:D434,Concentrado!$A$2:$A434,"="&$A6,Concentrado!$B$2:$B434, "=Chihuahua") -> 2814 | D6: =SUMIFS(Concentrado!E$2:E434,Concentrado!$A$2:$A434,"="&$A6,Concentrado!$B$2:$B434, "=Chihuahua") -> 1685 | E6: =SUMIFS(Concentrado!F$2:F434,Concentrado!$A$2:$A434,"="&$A6,Concentrado!$B$2:$B434, "=Chihuahua") -> 120 | F6: =SUMIFS(Concentrado!G$2:G434,Concentrado!$A$2:$A434,"="&$A6,Concentrado!$B$2:$B434, "=Chihuahua") -> 95
A7: 2017 | B7: =SUMIFS(Concentrado!C$2:C435,Concentrado!$A$2:$A435,"="&$A7,Concentrado!$B$2:$B435, "=Chihuahua") -> 2003 | C7: =SUMIFS(Concentrado!D$2:D435,Concentrado!$A$2:$A435,"="&$A7,Concentrado!$B$2:$B435, "=Chihuahua") -> 2905 | D7: =SUMIFS(Concentrado!E$2:E435,Concentrado!$A$2:$A435,"="&$A7,Concentrado!$B$2:$B435, "=Chihuahua") -> 1620 | E7: =SUMIFS(Concentrado!F$2:F435,Concentrado!$A$2:$A435,"="&$A7,Concentrado!$B$2:$B435, "=Chihuahua") -> 133 | F7: =SUMIFS(Concentrado!G$2:G435,Concentrado!$A$2:$A435,"="&$A7,Concentrado!$B$2:$B435, "=Chihuahua") -> 97
A8: 2018 | B8: =SUMIFS(Concentrado!C$2:C436,Concentrado!$A$2:$A436,"="&$A8,Concentrado!$B$2:$B436, "=Chihuahua") -> 2148 | C8: =SUMIFS(Concentrado!D$2:D436,Concentrado!$A$2:$A436,"="&$A8,Concentrado!$B$2:$B436, "=Chihuahua") -> 2915 | D8: =SUMIFS(Concentrado!E$2:E436,Concentrado!$A$2:$A436,"="&$A8,Concentrado!$B$2:$B436, "=Chihuahua") -> 1619 | E8: =SUMIFS(Concentrado!F$2:F436,Concentrado!$A$2:$A436,"="&$A8,Concentrado!$B$2:$B436, "=Chihuahua") -> 141 | F8: =SUMIFS(Concentrado!G$2:G436,Concentrado!$A$2:$A436,"="&$A8,Concentrado!$B$2:$B436, "=Chihuahua") -> 97
A9: 2019 | B9: =SUMIFS(Concentrado!C$2:C437,Concentrado!$A$2:$A437,"="&$A9,Concentrado!$B$2:$B437, "=Chihuahua") -> 2079 | C9: =SUMIFS(Concentrado!D$2:D437,Concentrado!$A$2:$A437,"="&$A9,Concentrado!$B$2:$B437, "=Chihuahua") -> 3015 | D9: =SUMIFS(Concentrado!E$2:E437,Concentrado!$A$2:$A437,"="&$A9,Concentrado!$B$2:$B437, "=Chihuahua") -> 1731 | E9: =SUMIFS(Concentrado!F$2:F437,Concentrado!$A$2:$A437,"="&$A9,Concentrado!$B$2:$B437, "=Chihuahua") -> 138 | F9: =SUMIFS(Concentrado!G$2:G437,Concentrado!$A$2:$A437,"="&$A9,Concentrado!$B$2:$B437, "=Chihuahua") -> 114
A10: 2020 | B10: =SUMIFS(Concentrado!C$2:C438,Concentrado!$A$2:$A438,"="&$A10,Concentrado!$B$2:$B438, "=Chihuahua") -> 2267 | C10: =SUMIFS(Concentrado!D$2:D438,Concentrado!$A$2:$A438,"="&$A10,Concentrado!$B$2:$B438, "=Chihuahua") -> 2845 | D10: =SUMIFS(Concentrado!E$2:E438,Concentrado!$A$2:$A438,"="&$A10,Concentrado!$B$2:$B438, "=Chihuahua") -> 1758 | E10: =SUMIFS(Concentrado!F$2:F438,Concentrado!$A$2:$A438,"="&$A10,Concentrado!$B$2:$B438, "=Chihuahua") -> 133 | F10: =SUMIFS(Concentrado!G$2:G438,Concentrado!$A$2:$A438,"="&$A10,Concentrado!$B$2:$B438, "=Chihuahua") -> 93
A11: 2021 | B11: =SUMIFS(Concentrado!C$2:C439,Concentrado!$A$2:$A439,"="&$A11,Concentrado!$B$2:$B439, "=Chihuahua") -> 2120 | C11: =SUMIFS(Concentrado!D$2:D439,Concentrado!$A$2:$A439,"="&$A11,Concentrado!$B$2:$B439, "=Chihuahua") -> 2906 | D11: =SUMIFS(Concentrado!E$2:E439,Concentrado!$A$2:$A439,"="&$A11,Concentrado!$B$2:$B439, "=Chihuahua") -> 1758 | E11: =SUMIFS(Concentrado!F$2:F439,Concentrado!$A$2:$A439,"="&$A11,Concentrado!$B$2:$B439, "=Chihuahua") -> 122 | F11: =SUMIFS(Concentrado!G$2:G439,Concentrado!$A$2:$A439,"="&$A11,Concentrado!$B$2:$B439, "=Chihuahua") -> 93
A12: 2022 | B12: =SUMIFS(Concentrado!C$2:C440,Concentrado!$A$2:$A440,"="&$A12,Concentrado!$B$2:$B440, "=Chihuahua") -> 2269 | C12: =SUMIFS(Concentrado!D$2:D440,Concentrado!$A$2:$A440,"="&$A12,Concentrado!$B$2:$B440, "=Chihuahua") -> 3131 | D12: =SUMIFS(Concentrado!E$2:E440,Concentrado!$A$2:$A440,"="&$A12,Concentrado!$B$2:$B440, "=Chihuahua") -> 1569 | E12: =SUMIFS(Concentrado!F$2:F440,Concentrado!$A$2:$A440,"="&$A12,Concentrado!$B$2:$B440, "=Chihuahua") -> 125 | F12: =SUMIFS(Concentrado!G$2:G440,Concentrado!$A$2:$A440,"="&$A12,Concentrado!$B$2:$B440, "=Chihuahua") -> 94
A13: 2023 | B13: =SUMIFS(Concentrado!C$2:C441,Concentrado!$A$2:$A441,"="&$A13,Concentrado!$B$2:$B441, "=Chihuahua") -> 2302 | C13: =SUMIFS(Concentrado!D$2:D441,Concentrado!$A$2:$A441,"="&$A13,Concentrado!$B$2:$B441, "=Chihuahua") -> 3007 | D13: =SUMIFS(Concentrado!E$2:E441,Concentrado!$A$2:$A441,"="&$A13,Concentrado!$B$2:$B441, "=Chihuahua") -> 1587 | E13: =SUMIFS(Concentrado!F$2:F441,Concentrado!$A$2:$A441,"="&$A13,Concentrado!$B$2:$B441, "=Chihuahua") -> 124 | F13: =SUMIFS(Concentrado!G$2:G441,Concentrado!$A$2:$A441,"="&$A13,Concentrado!$B$2:$B441, "=Chihuahua") -> 74
A14: 2024 | B14: =SUMIFS(Concentrado!C$2:C442,Concentrado!$A$2:$A442,"="&$A14,Concentrado!$B$2:$B442, "=Chihuahua") -> 2343 | C14: =SUMIFS(Concentrado!D$2:D442,Concentrado!$A$2:$A442,"="&$A14,Concentrado!$B$2:$B442, "=Chihuahua") -> 3223 | D14: =SUMIFS(Concentrado!E$2:E442,Concentrado!$A$2:$A442,"="&$A14,Concentrado!$B$2:$B442, "=Chihuahua") -> 1612 | E14: =SUMIFS(Concentrado!F$2:F442,Concentrado!$A$2:$A442,"="&$A14,Concentrado!$B$2:$B442, "=Chihuahua") -> 144 | F14: =SUMIFS(Concentrado!G$2:G442,Concentrado!$A$2:$A442,"="&$A14,Concentrado!$B$2:$B442, "=Chihuahua") -> 70

Sheet CDMX
A1: Año | B1: Consultorios | C1: Camas hospitalarias | D1: Camas no hospitalarias | E1: Quirófanos | F1: Salas expulsión
A2: 2012 | B2: =SUMIFS(Concentrado!C$2:C430,Concentrado!$A$2:$A430,"="&$A2,Concentrado!$B$2:$B430, "=CDMX") -> 8377 | C2: =SUMIFS(Concentrado!D$2:D430,Concentrado!$A$2:$A430,"="&$A2,Concentrado!$B$2:$B430, "=CDMX") -> 16107 | D2: =SUMIFS(Concentrado!E$2:E430,Concentrado!$A$2:$A430,"="&$A2,Concentrado!$B$2:$B430, "=CDMX") -> 6287 | E2: =SUMIFS(Concentrado!F$2:F430,Concentrado!$A$2:$A430,"="&$A2,Concentrado!$B$2:$B430, "=CDMX") -> 644 | F2: =SUMIFS(Concentrado!G$2:G430,Concentrado!$A$2:$A430,"="&$A2,Concentrado!$B$2:$B430, "=CDMX") -> 111
A3: 2013 | B3: =SUMIFS(Concentrado!C$2:C431,Concentrado!$A$2:$A431,"="&$A3,Concentrado!$B$2:$B431, "=CDMX") -> 8629 | C3: =SUMIFS(Concentrado!D$2:D431,Concentrado!$A$2:$A431,"="&$A3,Concentrado!$B$2:$B431, "=CDMX") -> 15787 | D3: =SUMIFS(Concentrado!E$2:E431,Concentrado!$A$2:$A431,"="&$A3,Concentrado!$B$2:$B431, "=CDMX") -> 6960 | E3: =SUMIFS(Concentrado!F$2:F431,Concentrado!$A$2:$A431,"="&$A3,Concentrado!$B$2:$B431, "=CDMX") -> 663 | F3: =SUMIFS(Concentrado!G$2:G431,Concentrado!$A$2:$A431,"="&$A3,Concentrado!$B$2:$B431, "=CDMX") -> 111
A4: 2014 | B4: =SUMIFS(Concentrado!C$2:C432,Concentrado!$A$2:$A432,"="&$A4,Concentrado!$B$2:$B432, "=CDMX") -> 8957 | C4: =SUMIFS(Concentrado!D$2:D432,Concentrado!$A$2:$A432,"="&$A4,Concentrado!$B$2:$B432, "=CDMX") -> 16259 | D4: =SUMIFS(Concentrado!E$2:E432,Concentrado!$A$2:$A432,"="&$A4,Concentrado!$B$2:$B432, "=CDMX") -> 6463 | E4: =SUMIFS(Concentrado!F$2:F432,Concentrado!$A$2:$A432,"="&$A4,Concentrado!$B$2:$B432, "=CDMX") -> 633 | F4: =SUMIFS(Concentrado!G$2:G432,Concentrado!$A$2:$A432,"="&$A4,Concentrado!$B$2:$B432, "=CDMX") -> 108
A5: 2015 | B5: =SUMIFS(Concentrado!C$2:C433,Concentrado!$A$2:$A433,"="&$A5,Concentrado!$B$2:$B433, "=CDMX") -> 9173 | C5: =SUMIFS(Concentrado!D$2:D433,Concentrado!$A$2:$A433,"="&$A5,Concentrado!$B$2:$B433, "=CDMX") -> 15798 | D5: =SUMIFS(Concentrado!E$2:E433,Concentrado!$A$2:$A433,"="&$A5,Concentrado!$B$2:$B433, "=CDMX") -> 5795 | E5: =SUMIFS(Concentrado!F$2:F433,Concentrado!$A$2:$A433,"="&$A5,Concentrado!$B$2:$B433, "=CDMX") -> 642 | F5: =SUMIFS(Concentrado!G$2:G433,Concentrado!$A$2:$A433,"="&$A5,Concentrado!$B$2:$B433, "=CDMX") -> 109
A6: 2016 | B6: =SUMIFS(Concentrado!C$2:C434,Concentrado!$A$2:$A434,"="&$A6,Concentrado!$B$2:$B434, "=CDMX") -> 9194 | C6: =SUMIFS(Concentrado!D$2:D434,Concentrado!$A$2:$A434,"="&$A6,Concentrado!$B$2:$B434, "=CDMX") -> 15627 | D6: =SUMIFS(Concentrado!E$2:E434,Concentrado!$A$2:$A434,"="&$A6,Concentrado!$B$2:$B434, "=CDMX") -> 5364 | E6: =SUMIFS(Concentrado!F$2:F434,Concentrado!$A$2:$A434,"="&$A6,Concentrado!$B$2:$B434, "=CDMX") -> 652 | F6: =SUMIFS(Concentrado!G$2:G434,Concentrado!$A$2:$A434,"="&$A6,Concentrado!$B$2:$B434, "=CDMX") -> 109
A7: 2017 | B7: =SUMIFS(Concentrado!C$2:C435,Concentrado!$A$2:$A435,"="&$A7,Concentrado!$B$2:$B435, "=CDMX") -> 9031 | C7: =SUMIFS(Concentrado!D$2:D435,Concentrado!$A$2:$A435,"="&$A7,Concentrado!$B$2:$B435, "=CDMX") -> 15457 | D7: =SUMIFS(Concentrado!E$2:E435,Concentrado!$A$2:$A435,"="&$A7,Concentrado!$B$2:$B435, "=CDMX") -> 5304 | E7: =SUMIFS(Concentrado!F$2:F435,Concentrado!$A$2:$A435,"="&$A7,Concentrado!$B$2:$B435, "=CDMX") -> 648 | F7: =SUMIFS(Concentrado!G$2:G435,Concentrado!$A$2:$A435,"="&$A7,Concentrado!$B$2:$B435, "=CDMX") -> 102
A8: 2018 | B8: =SUMIFS(Concentrado!C$2:C436,Concentrado!$A$2:$A436,"="&$A8,Concentrado!$B$2:$B436, "=CDMX") -> 9222 | C8: =SUMIFS(Concentrado!D$2:D436,Concentrado!$A$2:$A436,"="&$A8,Concentrado!$B$2:$B436, "=CDMX") -> 15632 | D8: =SUMIFS(Concentrado!E$2:E436,Concentrado!$A$2:$A436,"="&$A8,Concentrado!$B$2:$B436, "=CDMX") -> 5125 | E8: =SUMIFS(Concentrado!F$2:F436,Concentrado!$A$2:$A436,"="&$A8,Concentrado!$B$2:$B436, "=CDMX") -> 650 | F8: =SUMIFS(Concentrado!G$2:G436,Concentrado!$A$2:$A436,"="&$A8,Concentrado!$B$2:$B436, "=CDMX") -> 102
A9: 2019 | B9: =SUMIFS(Concentrado!C$2:C437,Concentrado!$A$2:$A437,"="&$A9,Concentrado!$B$2:$B437, "=CDMX") -> 9092 | C9: =SUMIFS(Concentrado!D$2:D437,Concentrado!$A$2:$A437,"="&$A9,Concentrado!$B$2:$B437, "=CDMX") -> 15542 | D9: =SUMIFS(Concentrado!E$2:E437,Concentrado!$A$2:$A437,"="&$A9,Concentrado!$B$2:$B437, "=CDMX") -> 5241 | E9: =SUMIFS(Concentrado!F$2:F437,Concentrado!$A$2:$A437,"="&$A9,Concentrado!$B$2:$B437, "=CDMX") -> 647 | F9: =SUMIFS(Concentrado!G$2:G437,Concentrado!$A$2:$A437,"="&$A9,Concentrado!$B$2:$B437, "=CDMX") -> 100
A10: 2020 | B10: =SUMIFS(Concentrado!C$2:C438,Concentrado!$A$2:$A438,"="&$A10,Concentrado!$B$2:$B438, "=CDMX") -> 9344 | C10: =SUMIFS(Concentrado!D$2:D438,Concentrado!$A$2:$A438,"="&$A10,Concentrado!$B$2:$B438, "=CDMX") -> 16643 | D10: =SUMIFS(Concentrado!E$2:E438,Concentrado!$A$2:$A438,"="&$A10,Concentrado!$B$2:$B438, "=CDMX") -> 5286 | E10: =SUMIFS(Concentrado!F$2:F438,Concentrado!$A$2:$A438,"="&$A10,Concentrado!$B$2:$B438, "=CDMX") -> 636 | F10: =SUMIFS(Concentrado!G$2:G438,Concentrado!$A$2:$A438,"="&$A10,Concentrado!$B$2:$B438, "=CDMX") -> 100
A11: 2021 | B11: =SUMIFS(Concentrado!C$2:C439,Concentrado!$A$2:$A439,"="&$A11,Concentrado!$B$2:$B439, "=CDMX") -> 9209 | C11: =SUMIFS(Concentrado!D$2:D439,Concentrado!$A$2:$A439,"="&$A11,Concentrado!$B$2:$B439, "=CDMX") -> 15731 | D11: =SUMIFS(Concentrado!E$2:E439,Concentrado!$A$2:$A439,"="&$A11,Concentrado!$B$2:$B439, "=CDMX") -> 5411 | E11: =SUMIFS(Concentrado!F$2:F439,Concentrado!$A$2:$A439,"="&$A11,Concentrado!$B$2:$B439, "=CDMX") -> 703 | F11: =SUMIFS(Concentrado!G$2:G439,Concentrado!$A$2:$A439,"="&$A11,Concentrado!$B$2:$B439, "=CDMX") -> 101
A12: 2022 | B12: =SUMIFS(Concentrado!C$2:C440,Concentrado!$A$2:$A440,"="&$A12,Concentrado!$B$2:$B440, "=CDMX") -> 9591 | C12: =SUMIFS(Concentrado!D$2:D440,Concentrado!$A$2:$A440,"="&$A12,Concentrado!$B$2:$B440, "=CDMX") -> 16103 | D12: =SUMIFS(Concentrado!E$2:E440,Concentrado!$A$2:$A440,"="&$A12,Concentrado!$B$2:$B440, "=CDMX") -> 5780 | E12: =SUMIFS(Concentrado!F$2:F440,Concentrado!$A$2:$A440,"="&$A12,Concentrado!$B$2:$B440, "=CDMX") -> 708 | F12: =SUMIFS(Concentrado!G$2:G440,Concentrado!$A$2:$A440,"="&$A12,Concentrado!$B$2:$B440, "=CDMX") -> 98
A13: 2023 | B13: =SUMIFS(Concentrado!C$2:C441,Concentrado!$A$2:$A441,"="&$A13,Concentrado!$B$2:$B441, "=CDMX") -> 9971 | C13: =SUMIFS(Concentrado!D$2:D441,Concentrado!$A$2:$A441,"="&$A13,Concentrado!$B$2:$B441, "=CDMX") -> 15490 | D13: =SUMIFS(Concentrado!E$2:E441,Concentrado!$A$2:$A441,"="&$A13,Concentrado!$B$2:$B441, "=CDMX") -> 5750 | E13: =SUMIFS(Concentrado!F$2:F441,Concentrado!$A$2:$A441,"="&$A13,Concentrado!$B$2:$B441, "=CDMX") -> 707 | F13: =SUMIFS(Concentrado!G$2:G441,Concentrado!$A$2:$A441,"="&$A13,Concentrado!$B$2:$B441, "=CDMX") -> 95
A14: 2024 | B14: =SUMIFS(Concentrado!C$2:C442,Concentrado!$A$2:$A442,"="&$A14,Concentrado!$B$2:$B442, "=CDMX") -> 9844 | C14: =SUMIFS(Concentrado!D$2:D442,Concentrado!$A$2:$A442,"="&$A14,Concentrado!$B$2:$B442, "=CDMX") -> 15698 | D14: =SUMIFS(Concentrado!E$2:E442,Concentrado!$A$2:$A442,"="&$A14,Concentrado!$B$2:$B442, "=CDMX") -> 6055 | E14: =SUMIFS(Concentrado!F$2:F442,Concentrado!$A$2:$A442,"="&$A14,Concentrado!$B$2:$B442, "=CDMX") -> 696 | F14: =SUMIFS(Concentrado!G$2:G442,Concentrado!$A$2:$A442,"="&$A14,Concentrado!$B$2:$B442, "=CDMX") -> 115

Sheet COAH
A1: Año | B1: Consultorios | C1: Camas hospitalarias | D1: Camas no hospitalarias | E1: Quirófanos | F1: Salas expulsión
A2: 2012 | B2: =SUMIFS(Concentrado!C$2:C430,Concentrado!$A$2:$A430,"="&$A2,Concentrado!$B$2:$B430, "=Coahuila") -> 1762 | C2: =SUMIFS(Concentrado!D$2:D430,Concentrado!$A$2:$A430,"="&$A2,Concentrado!$B$2:$B430, "=Coahuila") -> 2658 | D2: =SUMIFS(Concentrado!E$2:E430,Concentrado!$A$2:$A430,"="&$A2,Concentrado!$B$2:$B430, "=Coahuila") -> 1374 | E2: =SUMIFS(Concentrado!F$2:F430,Concentrado!$A$2:$A430,"="&$A2,Concentrado!$B$2:$B430, "=Coahuila") -> 106 | F2: =SUMIFS(Concentrado!G$2:G430,Concentrado!$A$2:$A430,"="&$A2,Concentrado!$B$2:$B430, "=Coahuila") -> 52
A3: 2013 | B3: =SUMIFS(Concentrado!C$2:C431,Concentrado!$A$2:$A431,"="&$A3,Concentrado!$B$2:$B431, "=Coahuila") -> 1929 | C3: =SUMIFS(Concentrado!D$2:D431,Concentrado!$A$2:$A431,"="&$A3,Concentrado!$B$2:$B431, "=Coahuila") -> 2708 | D3: =SUMIFS(Concentrado!E$2:E431,Concentrado!$A$2:$A431,"="&$A3,Concentrado!$B$2:$B431, "=Coahuila") -> 1584 | E3: =SUMIFS(Concentrado!F$2:F431,Concentrado!$A$2:$A431,"="&$A3,Concentrado!$B$2:$B431, "=Coahuila") -> 130 | F3: =SUMIFS(Concentrado!G$2:G431,Concentrado!$A$2:$A431,"="&$A3,Concentrado!$B$2:$B431, "=Coahuila") -> 56
A4: 2014 | B4: =SUMIFS(Concentrado!C$2:C432,Concentrado!$A$2:$A432,"="&$A4,Concentrado!$B$2:$B432, "=Coahuila") -> 1974 | C4: =SUMIFS(Concentrado!D$2:D432,Concentrado!$A$2:$A432,"="&$A4,Concentrado!$B$2:$B432, "=Coahuila") -> 2686 | D4: =SUMIFS(Concentrado!E$2:E432,Concentrado!$A$2:$A432,"="&$A4,Concentrado!$B$2:$B432, "=Coahuila") -> 1570 | E4: =SUMIFS(Concentrado!F$2:F432,Concentrado!$A$2:$A432,"="&$A4,Concentrado!$B$2:$B432, "=Coahuila") -> 132 | F4: =SUMIFS(Concentrado!G$2:G432,Concentrado!$A$2:$A432,"="&$A4,Concentrado!$B$2:$B432, "=Coahuila") -> 55
A5: 2015 | B5: =SUMIFS(Concentrado!C$2:C433,Concentrado!$A$2:$A433,"="&$A5,Concentrado!$B$2:$B433, "=Coahuila") -> 1945 | C5: =SUMIFS(Concentrado!D$2:D433,Concentrado!$A$2:$A433,"="&$A5,Concentrado!$B$2:$B433, "=Coahuila") -> 2665 | D5: =SUMIFS(Concentrado!E$2:E433,Concentrado!$A$2:$A433,"="&$A5,Concentrado!$B$2:$B433, "=Coahuila") -> 1253 | E5: =SUMIFS(Concentrado!F$2:F433,Concentrado!$A$2:$A433,"="&$A5,Concentrado!$B$2:$B433, "=Coahuila") -> 143 | F5: =SUMIFS(Concentrado!G$2:G433,Concentrado!$A$2:$A433,"="&$A5,Concentrado!$B$2:$B433, "=Coahuila") -> 54
A6: 2016 | B6: =SUMIFS(Concentrado!C$2:C434,Concentrado!$A$2:$A434,"="&$A6,Concentrado!$B$2:$B434, "=Coahuila") -> 1915 | C6: =SUMIFS(Concentrado!D$2:D434,Concentrado!$A$2:$A434,"="&$A6,Concentrado!$B$2:$B434, "=Coahuila") -> 2777 | D6: =SUMIFS(Concentrado!E$2:E434,Concentrado!$A$2:$A434,"="&$A6,Concentrado!$B$2:$B434, "=Coahuila") -> 1255 | E6: =SUMIFS(Concentrado!F$2:F434,Concentrado!$A$2:$A434,"="&$A6,Concentrado!$B$2:$B434, "=Coahuila") -> 142 | F6: =SUMIFS(Concentrado!G$2:G434,Concentrado!$A$2:$A434,"="&$A6,Concentrado!$B$2:$B434, "=Coahuila") -> 45
A7: 2017 | B7: =SUMIFS(Concentrado!C$2:C435,Concentrado!$A$2:$A435,"="&$A7,Concentrado!$B$2:$B435, "=Coahuila") -> 1902 | C7: =SUMIFS(Concentrado!D$2:D435,Concentrado!$A$2:$A435,"="&$A7,Concentrado!$B$2:$B435, "=Coahuila") -> 2879 | D7: =SUMIFS(Concentrado!E$2:E435,Concentrado!$A$2:$A435,"="&$A7,Concentrado!$B$2:$B435, "=Coahuila") -> 1255 | E7: =SUMIFS(Concentrado!F$2:F435,Concentrado!$A$2:$A435,"="&$A7,Concentrado!$B$2:$B435, "=Coahuila") -> 146 | F7: =SUMIFS(Concentrado!G$2:G435,Concentrado!$A$2:$A435,"="&$A7,Concentrado!$B$2:$B435, "=Coahuila") -> 46
A8: 2018 | B8: =SUMIFS(Concentrado!C$2:C436,Concentrado!$A$2:$A436,"="&$A8,Concentrado!$B$2:$B436, "=Coahuila") -> 1914 | C8: =SUMIFS(Concentrado!D$2:D436,Concentrado!$A$2:$A436,"="&$A8,Concentrado!$B$2:$B436, "=Coahuila") -> 2915 | D8: =SUMIFS(Concentrado!E$2:E436,Concentrado!$A$2:$A436,"="&$A8,Concentrado!$B$2:$B436, "=Coahuila") -> 1215 | E8: =SUMIFS(Concentrado!F$2:F436,Concentrado!$A$2:$A436,"="&$A8,Concentrado!$B$2:$B436, "=Coahuila") -> 148 | F8: =SUMIFS(Concentrado!G$2:G436,Concentrado!$A$2:$A436,"="&$A8,Concentrado!$B$2:$B436, "=Coahuila") -> 53
A9: 2019 | B9: =SUMIFS(Concentrado!C$2:C437,Concentrado!$A$2:$A437,"="&$A9,Concentrado!$B$2:$B437, "=Coahuila") -> 1835 | C9: =SUMIFS(Concentrado!D$2:D437,Concentrado!$A$2:$A437,"="&$A9,Concentrado!$B$2:$B437, "=Coahuila") -> 2900 | D9: =SUMIFS(Concentrado!E$2:E437,Concentrado!$A$2:$A437,"="&$A9,Concentrado!$B$2:$B437, "=Coahuila") -> 1179 | E9: =SUMIFS(Concentrado!F$2:F437,Concentrado!$A$2:$A437,"="&$A9,Concentrado!$B$2:$B437, "=Coahuila") -> 135 | F9: =SUMIFS(Concentrado!G$2:G437,Concentrado!$A$2:$A437,"="&$A9,Concentrado!$B$2:$B437, "=Coahuila") -> 55
A10: 2020 | B10: =SUMIFS(Concentrado!C$2:C438,Concentrado!$A$2:$A438,"="&$A10,Concentrado!$B$2:$B438, "=Coahuila") -> 1869 | C10: =SUMIFS(Concentrado!D$2:D438,Concentrado!$A$2:$A438,"="&$A10,Concentrado!$B$2:$B438, "=Coahuila") -> 2937 | D10: =SUMIFS(Concentrado!E$2:E438,Concentrado!$A$2:$A438,"="&$A10,Concentrado!$B$2:$B438, "=Coahuila") -> 1202 | E10: =SUMIFS(Concentrado!F$2:F438,Concentrado!$A$2:$A438,"="&$A10,Concentrado!$B$2:$B438, "=Coahuila") -> 138 | F10: =SUMIFS(Concentrado!G$2:G438,Concentrado!$A$2:$A438,"="&$A10,Concentrado!$B$2:$B438, "=Coahuila") -> 54
A11: 2021 | B11: =SUMIFS(Concentrado!C$2:C439,Concentrado!$A$2:$A439,"="&$A11,Concentrado!$B$2:$B439, "=Coahuila") -> 1941 | C11: =SUMIFS(Concentrado!D$2:D439,Concentrado!$A$2:$A439,"="&$A11,Concentrado!$B$2:$B439, "=Coahuila") -> 2954 | D11: =SUMIFS(Concentrado!E$2:E439,Concentrado!$A$2:$A439,"="&$A11,Concentrado!$B$2:$B439, "=Coahuila") -> 1179 | E11: =SUMIFS(Concentrado!F$2:F439,Concentrado!$A$2:$A439,"="&$A11,Concentrado!$B$2:$B439, "=Coahuila") -> 135 | F11: =SUMIFS(Concentrado!G$2:G439,Concentrado!$A$2:$A439,"="&$A11,Concentrado!$B$2:$B439, "=Coahuila") -> 53
A12: 2022 | B12: =SUMIFS(Concentrado!C$2:C440,Concentrado!$A$2:$A440,"="&$A12,Concentrado!$B$2:$B440, "=Coahuila") -> 2130 | C12: =SUMIFS(Concentrado!D$2:D440,Concentrado!$A$2:$A440,"="&$A12,Concentrado!$B$2:$B440, "=Coahuila") -> 3074 | D12: =SUMIFS(Concentrado!E$2:E440,Concentrado!$A$2:$A440,"="&$A12,Concentrado!$B$2:$B440, "=Coahuila") -> 1124 | E12: =SUMIFS(Concentrado!F$2:F440,Concentrado!$A$2:$A440,"="&$A12,Concentrado!$B$2:$B440, "=Coahuila") -> 152 | F12: =SUMIFS(Concentrado!G$2:G440,Concentrado!$A$2:$A440,"="&$A12,Concentrado!$B$2:$B440, "=Coahuila") -> 53
A13: 2023 | B13: =SUMIFS(Concentrado!C$2:C441,Concentrado!$A$2:$A441,"="&$A13,Concentrado!$B$2:$B441, "=Coahuila") -> 2119 | C13: =SUMIFS(Concentrado!D$2:D441,Concentrado!$A$2:$A441,"="&$A13,Concentrado!$B$2:$B441, "=Coahuila") -> 3103 | D13: =SUMIFS(Concentrado!E$2:E441,Concentrado!$A$2:$A441,"="&$A13,Concentrado!$B$2:$B441, "=Coahuila") -> 1172 | E13: =SUMIFS(Concentrado!F$2:F441,Concentrado!$A$2:$A441,"="&$A13,Concentrado!$B$2:$B441, "=Coahuila") -> 155 | F13: =SUMIFS(Concentrado!G$2:G441,Concentrado!$A$2:$A441,"="&$A13,Concentrado!$B$2:$B441, "=Coahuila") -> 53
A14: 2024 | B14: =SUMIFS(Concentrado!C$2:C442,Concentrado!$A$2:$A442,"="&$A14,Concentrado!$B$2:$B442, "=Coahuila") -> 2120 | C14: =SUMIFS(Concentrado!D$2:D442,Concentrado!$A$2:$A442,"="&$A14,Concentrado!$B$2:$B442, "=Coahuila") -> 3075 | D14: =SUMIFS(Concentrado!E$2:E442,Concentrado!$A$2:$A442,"="&$A14,Concentrado!$B$2:$B442, "=Coahuila") -> 1252 | E14: =SUMIFS(Concentrado!F$2:F442,Concentrado!$A$2:$A442,"="&$A14,Concentrado!$B$2:$B442, "=Coahuila") -> 154 | F14: =SUMIFS(Concentrado!G$2:G442,Concentrado!$A$2:$A442,"="&$A14,Concentrado!$B$2:$B442, "=Coahuila") -> 55

Sheet COL
A1: Año | B1: Consultorios | C1: Camas hospitalarias | D1: Camas no hospitalarias | E1: Quirófanos | F1: Salas expulsión
A2: 2012 | B2: =SUMIFS(Concentrado!C$2:C430,Concentrado!$A$2:$A430,"="&$A2,Concentrado!$B$2:$B430, "=Colima") -> 552 | C2: =SUMIFS(Concentrado!D$2:D430,Concentrado!$A$2:$A430,"="&$A2,Concentrado!$B$2:$B430, "=Colima") -> 583 | D2: =SUMIFS(Concentrado!E$2:E430,Concentrado!$A$2:$A430,"="&$A2,Concentrado!$B$2:$B430, "=Colima") -> 539 | E2: =SUMIFS(Concentrado!F$2:F430,Concentrado!$A$2:$A430,"="&$A2,Concentrado!$B$2:$B430, "=Colima") -> 30 | F2: =SUMIFS(Concentrado!G$2:G430,Concentrado!$A$2:$A430,"="&$A2,Concentrado!$B$2:$B430, "=Colima") -> 11
A3: 2013 | B3: =SUMIFS(Concentrado!C$2:C431,Concentrado!$A$2:$A431,"="&$A3,Concentrado!$B$2:$B431, "=Colima") -> 629 | C3: =SUMIFS(Concentrado!D$2:D431,Concentrado!$A$2:$A431,"="&$A3,Concentrado!$B$2:$B431, "=Colima") -> 554 | D3: =SUMIFS(Concentrado!E$2:E431,Concentrado!$A$2:$A431,"="&$A3,Concentrado!$B$2:$B431, "=Colima") -> 411 | E3: =SUMIFS(Concentrado!F$2:F431,Concentrado!$A$2:$A431,"="&$A3,Concentrado!$B$2:$B431, "=Colima") -> 36 | F3: =SUMIFS(Concentrado!G$2:G431,Concentrado!$A$2:$A431,"="&$A3,Concentrado!$B$2:$B431, "=Colima") -> 12
A4: 2014 | B4: =SUMIFS(Concentrado!C$2:C432,Concentrado!$A$2:$A432,"="&$A4,Concentrado!$B$2:$B432, "=Colima") -> 647 | C4: =SUMIFS(Concentrado!D$2:D432,Concentrado!$A$2:$A432,"="&$A4,Concentrado!$B$2:$B432, "=Colima") -> 563 | D4: =SUMIFS(Concentrado!E$2:E432,Concentrado!$A$2:$A432,"="&$A4,Concentrado!$B$2:$B432, "=Colima") -> 499 | E4: =SUMIFS(Concentrado!F$2:F432,Concentrado!$A$2:$A432,"="&$A4,Concentrado!$B$2:$B432, "=Colima") -> 36 | F4: =SUMIFS(Concentrado!G$2:G432,Concentrado!$A$2:$A432,"="&$A4,Concentrado!$B$2:$B432, "=Colima") -> 12
A5: 2015 | B5: =SUMIFS(Concentrado!C$2:C433,Concentrado!$A$2:$A433,"="&$A5,Concentrado!$B$2:$B433, "=Colima") -> 587 | C5: =SUMIFS(Concentrado!D$2:D433,Concentrado!$A$2:$A433,"="&$A5,Concentrado!$B$2:$B433, "=Colima") -> 568 | D5: =SUMIFS(Concentrado!E$2:E433,Concentrado!$A$2:$A433,"="&$A5,Concentrado!$B$2:$B433, "=Colima") -> 534 | E5: =SUMIFS(Concentrado!F$2:F433,Concentrado!$A$2:$A433,"="&$A5,Concentrado!$B$2:$B433, "=Colima") -> 31 | F5: =SUMIFS(Concentrado!G$2:G433,Concentrado!$A$2:$A433,"="&$A5,Concentrado!$B$2:$B433, "=Colima") -> 12
A6: 2016 | B6: =SUMIFS(Concentrado!C$2:C434,Concentrado!$A$2:$A434,"="&$A6,Concentrado!$B$2:$B434, "=Colima") -> 576 | C6: =SUMIFS(Concentrado!D$2:D434,Concentrado!$A$2:$A434,"="&$A6,Concentrado!$B$2:$B434, "=Colima") -> 528 | D6: =SUMIFS(Concentrado!E$2:E434,Concentrado!$A$2:$A434,"="&$A6,Concentrado!$B$2:$B434, "=Colima") -> 505 | E6: =SUMIFS(Concentrado!F$2:F434,Concentrado!$A$2:$A434,"="&$A6,Concentrado!$B$2:$B434, "=Colima") -> 30 | F6: =SUMIFS(Concentrado!G$2:G434,Concentrado!$A$2:$A434,"="&$A6,Concentrado!$B$2:$B434, "=Colima") -> 11
A7: 2017 | B7: =SUMIFS(Concentrado!C$2:C435,Concentrado!$A$2:$A435,"="&$A7,Concentrado!$B$2:$B435, "=Colima") -> 628 | C7: =SUMIFS(Concentrado!D$2:D435,Concentrado!$A$2:$A435,"="&$A7,Concentrado!$B$2:$B435, "=Colima") -> 646 | D7: =SUMIFS(Concentrado!E$2:E435,Concentrado!$A$2:$A435,"="&$A7,Concentrado!$B$2:$B435, "=Colima") -> 583 | E7: =SUMIFS(Concentrado!F$2:F435,Concentrado!$A$2:$A435,"="&$A7,Concentrado!$B$2:$B435, "=Colima") -> 36 | F7: =SUMIFS(Concentrado!G$2:G435,Concentrado!$A$2:$A435,"="&$A7,Concentrado!$B$2:$B435, "=Colima") -> 12
A8: 2018 | B8: =SUMIFS(Concentrado!C$2:C436,Concentrado!$A$2:$A436,"="&$A8,Concentrado!$B$2:$B436, "=Colima") -> 594 | C8: =SUMIFS(Concentrado!D$2:D436,Concentrado!$A$2:$A436,"="&$A8,Concentrado!$B$2:$B436, "=Colima") -> 649 | D8: =SUMIFS(Concentrado!E$2:E436,Concentrado!$A$2:$A436,"="&$A8,Concentrado!$B$2:$B436, "=Colima") -> 618 | E8: =SUMIFS(Concentrado!F$2:F436,Concentrado!$A$2:$A436,"="&$A8,Concentrado!$B$2:$B436, "=Colima") -> 33 | F8: =SUMIFS(Concentrado!G$2:G436,Concentrado!$A$2:$A436,"="&$A8,Concentrado!$B$2:$B436, "=Colima") -> 13
A9: 2019 | B9: =SUMIFS(Concentrado!C$2:C437,Concentrado!$A$2:$A437,"="&$A9,Concentrado!$B$2:$B437, "=Colima") -> 601 | C9: =SUMIFS(Concentrado!D$2:D437,Concentrado!$A$2:$A437,"="&$A9,Concentrado!$B$2:$B437, "=Colima") -> 667 | D9: =SUMIFS(Concentrado!E$2:E437,Concentrado!$A$2:$A437,"="&$A9,Concentrado!$B$2:$B437, "=Colima") -> 562 | E9: =SUMIFS(Concentrado!F$2:F437,Concentrado!$A$2:$A437,"="&$A9,Concentrado!$B$2:$B437, "=Colima") -> 31 | F9: =SUMIFS(Concentrado!G$2:G437,Concentrado!$A$2:$A437,"="&$A9,Concentrado!$B$2:$B437, "=Colima") -> 13
A10: 2020 | B10: =SUMIFS(Concentrado!C$2:C438,Concentrado!$A$2:$A438,"="&$A10,Concentrado!$B$2:$B438, "=Colima") -> 622 | C10: =SUMIFS(Concentrado!D$2:D438,Concentrado!$A$2:$A438,"="&$A10,Concentrado!$B$2:$B438, "=Colima") -> 664 | D10: =SUMIFS(Concentrado!E$2:E438,Concentrado!$A$2:$A438,"="&$A10,Concentrado!$B$2:$B438, "=Colima") -> 533 | E10: =SUMIFS(Concentrado!F$2:F438,Concentrado!$A$2:$A438,"="&$A10,Concentrado!$B$2:$B438, "=Colima") -> 32 | F10: =SUMIFS(Concentrado!G$2:G438,Concentrado!$A$2:$A438,"="&$A10,Concentrado!$B$2:$B438, "=Colima") -> 13
A11: 2021 | B11: =SUMIFS(Concentrado!C$2:C439,Concentrado!$A$2:$A439,"="&$A11,Concentrado!$B$2:$B439, "=Colima") -> 617 | C11: =SUMIFS(Concentrado!D$2:D439,Concentrado!$A$2:$A439,"="&$A11,Concentrado!$B$2:$B439, "=Colima") -> 686 | D11: =SUMIFS(Concentrado!E$2:E439,Concentrado!$A$2:$A439,"="&$A11,Concentrado!$B$2:$B439, "=Colima") -> 516 | E11: =SUMIFS(Concentrado!F$2:F439,Concentrado!$A$2:$A439,"="&$A11,Concentrado!$B$2:$B439, "=Colima") -> 31 | F11: =SUMIFS(Concentrado!G$2:G439,Concentrado!$A$2:$A439,"="&$A11,Concentrado!$B$2:$B439, "=Colima") -> 12
A12: 2022 | B12: =SUMIFS(Concentrado!C$2:C440,Concentrado!$A$2:$A440,"="&$A12,Concentrado!$B$2:$B440, "=Colima") -> 798 | C12: =SUMIFS(Concentrado!D$2:D440,Concentrado!$A$2:$A440,"="&$A12,Concentrado!$B$2:$B440, "=Colima") -> 698 | D12: =SUMIFS(Concentrado!E$2:E440,Concentrado!$A$2:$A440,"="&$A12,Concentrado!$B$2:$B440, "=Colima") -> 522 | E12: =SUMIFS(Concentrado!F$2:F440,Concentrado!$A$2:$A440,"="&$A12,Concentrado!$B$2:$B440, "=Colima") -> 31 | F12: =SUMIFS(Concentrado!G$2:G440,Concentrado!$A$2:$A440,"="&$A12,Concentrado!$B$2:$B440, "=Colima") -> 11
A13: 2023 | B13: =SUMIFS(Concentrado!C$2:C441,Concentrado!$A$2:$A441,"="&$A13,Concentrado!$B$2:$B441, "=Colima") -> 807 | C13: =SUMIFS(Concentrado!D$2:D441,Concentrado!$A$2:$A441,"="&$A13,Concentrado!$B$2:$B441, "=Colima") -> 717 | D13: =SUMIFS(Concentrado!E$2:E441,Concentrado!$A$2:$A441,"="&$A13,Concentrado!$B$2:$B441, "=Colima") -> 539 | E13: =SUMIFS(Concentrado!F$2:F441,Concentrado!$A$2:$A441,"="&$A13,Concentrado!$B$2:$B441, "=Colima") -> 30 | F13: =SUMIFS(Concentrado!G$2:G441,Concentrado!$A$2:$A441,"="&$A13,Concentrado!$B$2:$B441, "=Colima") -> 11
A14: 2024 | B14: =SUMIFS(Concentrado!C$2:C442,Concentrado!$A$2:$A442,"="&$A14,Concentrado!$B$2:$B442, "=Colima") -> 758 | C14: =SUMIFS(Concentrado!D$2:D442,Concentrado!$A$2:$A442,"="&$A14,Concentrado!$B$2:$B442, "=Colima") -> 701 | D14: =SUMIFS(Concentrado!E$2:E442,Concentrado!$A$2:$A442,"="&$A14,Concentrado!$B$2:$B442, "=Colima") -> 488 | E14: =SUMIFS(Concentrado!F$2:F442,Concentrado!$A$2:$A442,"="&$A14,Concentrado!$B$2:$B442, "=Colima") -> 36 | F14: =SUMIFS(Concentrado!G$2:G442,Concentrado!$A$2:$A442,"="&$A14,Concentrado!$B$2:$B442, "=Colima") -> 12

Sheet DGO
A1: Año | B1: Consultorios | C1: Camas hospitalarias | D1: Camas no hospitalarias | E1: Quirófanos | F1: Salas expulsión
A2: 2012 | B2: =SUMIFS(Concentrado!C$2:C430,Concentrado!$A$2:$A430,"="&$A2,Concentrado!$B$2:$B430, "=Durango") -> 1299 | C2: =SUMIFS(Concentrado!D$2:D430,Concentrado!$A$2:$A430,"="&$A2,Concentrado!$B$2:$B430, "=Durango") -> 1569 | D2: =SUMIFS(Concentrado!E$2:E430,Concentrado!$A$2:$A430,"="&$A2,Concentrado!$B$2:$B430, "=Durango") -> 979 | E2: =SUMIFS(Concentrado!F$2:F430,Concentrado!$A$2:$A430,"="&$A2,Concentrado!$B$2:$B430, "=Durango") -> 54 | F2: =SUMIFS(Concentrado!G$2:G430,Concentrado!$A$2:$A430,"="&$A2,Concentrado!$B$2:$B430, "=Durango") -> 50
A3: 2013 | B3: =SUMIFS(Concentrado!C$2:C431,Concentrado!$A$2:$A431,"="&$A3,Concentrado!$B$2:$B431, "=Durango") -> 1267 | C3: =SUMIFS(Concentrado!D$2:D431,Concentrado!$A$2:$A431,"="&$A3,Concentrado!$B$2:$B431, "=Durango") -> 1715 | D3: =SUMIFS(Concentrado!E$2:E431,Concentrado!$A$2:$A431,"="&$A3,Concentrado!$B$2:$B431, "=Durango") -> 1177 | E3: =SUMIFS(Concentrado!F$2:F431,Concentrado!$A$2:$A431,"="&$A3,Concentrado!$B$2:$B431, "=Durango") -> 70 | F3: =SUMIFS(Concentrado!G$2:G431,Concentrado!$A$2:$A431,"="&$A3,Concentrado!$B$2:$B431, "=Durango") -> 49
A4: 2014 | B4: =SUMIFS(Concentrado!C$2:C432,Concentrado!$A$2:$A432,"="&$A4,Concentrado!$B$2:$B432, "=Durango") -> 1267 | C4: =SUMIFS(Concentrado!D$2:D432,Concentrado!$A$2:$A432,"="&$A4,Concentrado!$B$2:$B432, "=Durango") -> 1700 | D4: =SUMIFS(Concentrado!E$2:E432,Concentrado!$A$2:$A432,"="&$A4,Concentrado!$B$2:$B432, "=Durango") -> 1067 | E4: =SUMIFS(Concentrado!F$2:F432,Concentrado!$A$2:$A432,"="&$A4,Concentrado!$B$2:$B432, "=Durango") -> 68 | F4: =SUMIFS(Concentrado!G$2:G432,Concentrado!$A$2:$A432,"="&$A4,Concentrado!$B$2:$B432, "=Durango") -> 50
A5: 2015 | B5: =SUMIFS(Concentrado!C$2:C433,Concentrado!$A$2:$A433,"="&$A5,Concentrado!$B$2:$B433, "=Durango") -> 1301 | C5: =SUMIFS(Concentrado!D$2:D433,Concentrado!$A$2:$A433,"="&$A5,Concentrado!$B$2:$B433, "=Durango") -> 1537 | D5: =SUMIFS(Concentrado!E$2:E433,Concentrado!$A$2:$A433,"="&$A5,Concentrado!$B$2:$B433, "=Durango") -> 696 | E5: =SUMIFS(Concentrado!F$2:F433,Concentrado!$A$2:$A433,"="&$A5,Concentrado!$B$2:$B433, "=Durango") -> 63 | F5: =SUMIFS(Concentrado!G$2:G433,Concentrado!$A$2:$A433,"="&$A5,Concentrado!$B$2:$B433, "=Durango") -> 43
A6: 2016 | B6: =SUMIFS(Concentrado!C$2:C434,Concentrado!$A$2:$A434,"="&$A6,Concentrado!$B$2:$B434, "=Durango") -> 1284 | C6: =SUMIFS(Concentrado!D$2:D434,Concentrado!$A$2:$A434,"="&$A6,Concentrado!$B$2:$B434, "=Durango") -> 1453 | D6: =SUMIFS(Concentrado!E$2:E434,Concentrado!$A$2:$A434,"="&$A6,Concentrado!$B$2:$B434, "=Durango") -> 672 | E6: =SUMIFS(Concentrado!F$2:F434,Concentrado!$A$2:$A434,"="&$A6,Concentrado!$B$2:$B434, "=Durango") -> 62 | F6: =SUMIFS(Concentrado!G$2:G434,Concentrado!$A$2:$A434,"="&$A6,Concentrado!$B$2:$B434, "=Durango") -> 44
A7: 2017 | B7: =SUMIFS(Concentrado!C$2:C435,Concentrado!$A$2:$A435,"="&$A7,Concentrado!$B$2:$B435, "=Durango") -> 1261 | C7: =SUMIFS(Concentrado!D$2:D435,Concentrado!$A$2:$A435,"="&$A7,Concentrado!$B$2:$B435, "=Durango") -> 1545 | D7: =SUMIFS(Concentrado!E$2:E435,Concentrado!$A$2:$A435,"="&$A7,Concentrado!$B$2:$B435, "=Durango") -> 654 | E7: =SUMIFS(Concentrado!F$2:F435,Concentrado!$A$2:$A435,"="&$A7,Concentrado!$B$2:$B435, "=Durango") -> 64 | F7: =SUMIFS(Concentrado!G$2:G435,Concentrado!$A$2:$A435,"="&$A7,Concentrado!$B$2:$B435, "=Durango") -> 44
A8: 2018 | B8: =SUMIFS(Concentrado!C$2:C436,Concentrado!$A$2:$A436,"="&$A8,Concentrado!$B$2:$B436, "=Durango") -> 1296 | C8: =SUMIFS(Concentrado!D$2:D436,Concentrado!$A$2:$A436,"="&$A8,Concentrado!$B$2:$B436, "=Durango") -> 1542 | D8: =SUMIFS(Concentrado!E$2:E436,Concentrado!$A$2:$A436,"="&$A8,Concentrado!$B$2:$B436, "=Durango") -> 656 | E8: =SUMIFS(Concentrado!F$2:F436,Concentrado!$A$2:$A436,"="&$A8,Concentrado!$B$2:$B436, "=Durango") -> 65 | F8: =SUMIFS(Concentrado!G$2:G436,Concentrado!$A$2:$A436,"="&$A8,Concentrado!$B$2:$B436, "=Durango") -> 44
A9: 2019 | B9: =SUMIFS(Concentrado!C$2:C437,Concentrado!$A$2:$A437,"="&$A9,Concentrado!$B$2:$B437, "=Durango") -> 1306 | C9: =SUMIFS(Concentrado!D$2:D437,Concentrado!$A$2:$A437,"="&$A9,Concentrado!$B$2:$B437, "=Durango") -> 1518 | D9: =SUMIFS(Concentrado!E$2:E437,Concentrado!$A$2:$A437,"="&$A9,Concentrado!$B$2:$B437, "=Durango") -> 645 | E9: =SUMIFS(Concentrado!F$2:F437,Concentrado!$A$2:$A437,"="&$A9,Concentrado!$B$2:$B437, "=Durango") -> 62 | F9: =SUMIFS(Concentrado!G$2:G437,Concentrado!$A$2:$A437,"="&$A9,Concentrado!$B$2:$B437, "=Durango") -> 44
A10: 2020 | B10: =SUMIFS(Concentrado!C$2:C438,Concentrado!$A$2:$A438,"="&$A10,Concentrado!$B$2:$B438, "=Durango") -> 1410 | C10: =SUMIFS(Concentrado!D$2:D438,Concentrado!$A$2:$A438,"="&$A10,Concentrado!$B$2:$B438, "=Durango") -> 1587 | D10: =SUMIFS(Concentrado!E$2:E438,Concentrado!$A$2:$A438,"="&$A10,Concentrado!$B$2:$B438, "=Durango") -> 758 | E10: =SUMIFS(Concentrado!F$2:F438,Concentrado!$A$2:$A438,"="&$A10,Concentrado!$B$2:$B438, "=Durango") -> 63 | F10: =SUMIFS(Concentrado!G$2:G438,Concentrado!$A$2:$A438,"="&$A10,Concentrado!$B$2:$B438, "=Durango") -> 44
A11: 2021 | B11: =SUMIFS(Concentrado!C$2:C439,Concentrado!$A$2:$A439,"="&$A11,Concentrado!$B$2:$B439, "=Durango") -> 1350 | C11: =SUMIFS(Concentrado!D$2:D439,Concentrado!$A$2:$A439,"="&$A11,Concentrado!$B$2:$B439, "=Durango") -> 1614 | D11: =SUMIFS(Concentrado!E$2:E439,Concentrado!$A$2:$A439,"="&$A11,Concentrado!$B$2:$B439, "=Durango") -> 793 | E11: =SUMIFS(Concentrado!F$2:F439,Concentrado!$A$2:$A439,"="&$A11,Concentrado!$B$2:$B439, "=Durango") -> 63 | F11: =SUMIFS(Concentrado!G$2:G439,Concentrado!$A$2:$A439,"="&$A11,Concentrado!$B$2:$B439, "=Durango") -> 44
A12: 2022 | B12: =SUMIFS(Concentrado!C$2:C440,Concentrado!$A$2:$A440,"="&$A12,Concentrado!$B$2:$B440, "=Durango") -> 1389 | C12: =SUMIFS(Concentrado!D$2:D440,Concentrado!$A$2:$A440,"="&$A12,Concentrado!$B$2:$B440, "=Durango") -> 1563 | D12: =SUMIFS(Concentrado!E$2:E440,Concentrado!$A$2:$A440,"="&$A12,Concentrado!$B$2:$B440, "=Durango") -> 777 | E12: =SUMIFS(Concentrado!F$2:F440,Concentrado!$A$2:$A440,"="&$A12,Concentrado!$B$2:$B440, "=Durango") -> 76 | F12: =SUMIFS(Concentrado!G$2:G440,Concentrado!$A$2:$A440,"="&$A12,Concentrado!$B$2:$B440, "=Durango") -> 46
A13: 2023 | B13: =SUMIFS(Concentrado!C$2:C441,Concentrado!$A$2:$A441,"="&$A13,Concentrado!$B$2:$B441, "=Durango") -> 1431 | C13: =SUMIFS(Concentrado!D$2:D441,Concentrado!$A$2:$A441,"="&$A13,Concentrado!$B$2:$B441, "=Durango") -> 1619 | D13: =SUMIFS(Concentrado!E$2:E441,Concentrado!$A$2:$A441,"="&$A13,Concentrado!$B$2:$B441, "=Durango") -> 834 | E13: =SUMIFS(Concentrado!F$2:F441,Concentrado!$A$2:$A441,"="&$A13,Concentrado!$B$2:$B441, "=Durango") -> 68 | F13: =SUMIFS(Concentrado!G$2:G441,Concentrado!$A$2:$A441,"="&$A13,Concentrado!$B$2:$B441, "=Durango") -> 47
A14: 2024 | B14: =SUMIFS(Concentrado!C$2:C442,Concentrado!$A$2:$A442,"="&$A14,Concentrado!$B$2:$B442, "=Durango") -> 1478 | C14: =SUMIFS(Concentrado!D$2:D442,Concentrado!$A$2:$A442,"="&$A14,Concentrado!$B$2:$B442, "=Durango") -> 1640 | D14: =SUMIFS(Concentrado!E$2:E442,Concentrado!$A$2:$A442,"="&$A14,Concentrado!$B$2:$B442, "=Durango") -> 879 | E14: =SUMIFS(Concentrado!F$2:F442,Concentrado!$A$2:$A442,"="&$A14,Concentrado!$B$2:$B442, "=Durango") -> 62 | F14: =SUMIFS(Concentrado!G$2:G442,Concentrado!$A$2:$A442,"="&$A14,Concentrado!$B$2:$B442, "=Durango") -> 45

Sheet GTO
A1: Año | B1: Consultorios | C1: Camas hospitalarias | D1: Camas no hospitalarias | E1: Quirófanos | F1: Salas expulsión
A2: 2012 | B2: =SUMIFS(Concentrado!C$2:C430,Concentrado!$A$2:$A430,"="&$A2,Concentrado!$B$2:$B430, "=Guanajuato") -> 2541 | C2: =SUMIFS(Concentrado!D$2:D430,Concentrado!$A$2:$A430,"="&$A2,Concentrado!$B$2:$B430, "=Guanajuato") -> 3064 | D2: =SUMIFS(Concentrado!E$2:E430,Concentrado!$A$2:$A430,"="&$A2,Concentrado!$B$2:$B430, "=Guanajuato") -> 2077 | E2: =SUMIFS(Concentrado!F$2:F430,Concentrado!$A$2:$A430,"="&$A2,Concentrado!$B$2:$B430, "=Guanajuato") -> 143 | F2: =SUMIFS(Concentrado!G$2:G430,Concentrado!$A$2:$A430,"="&$A2,Concentrado!$B$2:$B430, "=Guanajuato") -> 104
A3: 2013 | B3: =SUMIFS(Concentrado!C$2:C431,Concentrado!$A$2:$A431,"="&$A3,Concentrado!$B$2:$B431, "=Guanajuato") -> 2609 | C3: =SUMIFS(Concentrado!D$2:D431,Concentrado!$A$2:$A431,"="&$A3,Concentrado!$B$2:$B431, "=Guanajuato") -> 3221 | D3: =SUMIFS(Concentrado!E$2:E431,Concentrado!$A$2:$A431,"="&$A3,Concentrado!$B$2:$B431, "=Guanajuato") -> 2143 | E3: =SUMIFS(Concentrado!F$2:F431,Concentrado!$A$2:$A431,"="&$A3,Concentrado!$B$2:$B431, "=Guanajuato") -> 169 | F3: =SUMIFS(Concentrado!G$2:G431,Concentrado!$A$2:$A431,"="&$A3,Concentrado!$B$2:$B431, "=Guanajuato") -> 105
A4: 2014 | B4: =SUMIFS(Concentrado!C$2:C432,Concentrado!$A$2:$A432,"="&$A4,Concentrado!$B$2:$B432, "=Guanajuato") -> 2707 | C4: =SUMIFS(Concentrado!D$2:D432,Concentrado!$A$2:$A432,"="&$A4,Concentrado!$B$2:$B432, "=Guanajuato") -> 3186 | D4: =SUMIFS(Concentrado!E$2:E432,Concentrado!$A$2:$A432,"="&$A4,Concentrado!$B$2:$B432, "=Guanajuato") -> 2211 | E4: =SUMIFS(Concentrado!F$2:F432,Concentrado!$A$2:$A432,"="&$A4,Concentrado!$B$2:$B432, "=Guanajuato") -> 172 | F4: =SUMIFS(Concentrado!G$2:G432,Concentrado!$A$2:$A432,"="&$A4,Concentrado!$B$2:$B432, "=Guanajuato") -> 102
A5: 2015 | B5: =SUMIFS(Concentrado!C$2:C433,Concentrado!$A$2:$A433,"="&$A5,Concentrado!$B$2:$B433, "=Guanajuato") -> 2819 | C5: =SUMIFS(Concentrado!D$2:D433,Concentrado!$A$2:$A433,"="&$A5,Concentrado!$B$2:$B433, "=Guanajuato") -> 3346 | D5: =SUMIFS(Concentrado!E$2:E433,Concentrado!$A$2:$A433,"="&$A5,Concentrado!$B$2:$B433, "=Guanajuato") -> 2138 | E5: =SUMIFS(Concentrado!F$2:F433,Concentrado!$A$2:$A433,"="&$A5,Concentrado!$B$2:$B433, "=Guanajuato") -> 170 | F5: =SUMIFS(Concentrado!G$2:G433,Concentrado!$A$2:$A433,"="&$A5,Concentrado!$B$2:$B433, "=Guanajuato") -> 88
A6: 2016 | B6: =SUMIFS(Concentrado!C$2:C434,Concentrado!$A$2:$A434,"="&$A6,Concentrado!$B$2:$B434, "=Guanajuato") -> 2836 | C6: =SUMIFS(Concentrado!D$2:D434,Concentrado!$A$2:$A434,"="&$A6,Concentrado!$B$2:$B434, "=Guanajuato") -> 3340 | D6: =SUMIFS(Concentrado!E$2:E434,Concentrado!$A$2:$A434,"="&$A6,Concentrado!$B$2:$B434, "=Guanajuato") -> 2111 | E6: =SUMIFS(Concentrado!F$2:F434,Concentrado!$A$2:$A434,"="&$A6,Concentrado!$B$2:$B434, "=Guanajuato") -> 169 | F6: =SUMIFS(Concentrado!G$2:G434,Concentrado!$A$2:$A434,"="&$A6,Concentrado!$B$2:$B434, "=Guanajuato") -> 85
A7: 2017 | B7: =SUMIFS(Concentrado!C$2:C435,Concentrado!$A$2:$A435,"="&$A7,Concentrado!$B$2:$B435, "=Guanajuato") -> 2810 | C7: =SUMIFS(Concentrado!D$2:D435,Concentrado!$A$2:$A435,"="&$A7,Concentrado!$B$2:$B435, "=Guanajuato") -> 3335 | D7: =SUMIFS(Concentrado!E$2:E435,Concentrado!$A$2:$A435,"="&$A7,Concentrado!$B$2:$B435, "=Guanajuato") -> 2067 | E7: =SUMIFS(Concentrado!F$2:F435,Concentrado!$A$2:$A435,"="&$A7,Concentrado!$B$2:$B435, "=Guanajuato") -> 168 | F7: =SUMIFS(Concentrado!G$2:G435,Concentrado!$A$2:$A435,"="&$A7,Concentrado!$B$2:$B435, "=Guanajuato") -> 82
A8: 2018 | B8: =SUMIFS(Concentrado!C$2:C436,Concentrado!$A$2:$A436,"="&$A8,Concentrado!$B$2:$B436, "=Guanajuato") -> 2974 | C8: =SUMIFS(Concentrado!D$2:D436,Concentrado!$A$2:$A436,"="&$A8,Concentrado!$B$2:$B436, "=Guanajuato") -> 3657 | D8: =SUMIFS(Concentrado!E$2:E436,Concentrado!$A$2:$A436,"="&$A8,Concentrado!$B$2:$B436, "=Guanajuato") -> 2122 | E8: =SUMIFS(Concentrado!F$2:F436,Concentrado!$A$2:$A436,"="&$A8,Concentrado!$B$2:$B436, "=Guanajuato") -> 174 | F8: =SUMIFS(Concentrado!G$2:G436,Concentrado!$A$2:$A436,"="&$A8,Concentrado!$B$2:$B436, "=Guanajuato") -> 85
A9: 2019 | B9: =SUMIFS(Concentrado!C$2:C437,Concentrado!$A$2:$A437,"="&$A9,Concentrado!$B$2:$B437, "=Guanajuato") -> 2995 | C9: =SUMIFS(Concentrado!D$2:D437,Concentrado!$A$2:$A437,"="&$A9,Concentrado!$B$2:$B437, "=Guanajuato") -> 3752 | D9: =SUMIFS(Concentrado!E$2:E437,Concentrado!$A$2:$A437,"="&$A9,Concentrado!$B$2:$B437, "=Guanajuato") -> 2488 | E9: =SUMIFS(Concentrado!F$2:F437,Concentrado!$A$2:$A437,"="&$A9,Concentrado!$B$2:$B437, "=Guanajuato") -> 177 | F9: =SUMIFS(Concentrado!G$2:G437,Concentrado!$A$2:$A437,"="&$A9,Concentrado!$B$2:$B437, "=Guanajuato") -> 82
A10: 2020 | B10: =SUMIFS(Concentrado!C$2:C438,Concentrado!$A$2:$A438,"="&$A10,Concentrado!$B$2:$B438, "=Guanajuato") -> 3026 | C10: =SUMIFS(Concentrado!D$2:D438,Concentrado!$A$2:$A438,"="&$A10,Concentrado!$B$2:$B438, "=Guanajuato") -> 3830 | D10: =SUMIFS(Concentrado!E$2:E438,Concentrado!$A$2:$A438,"="&$A10,Concentrado!$B$2:$B438, "=Guanajuato") -> 2575 | E10: =SUMIFS(Concentrado!F$2:F438,Concentrado!$A$2:$A438,"="&$A10,Concentrado!$B$2:$B438, "=Guanajuato") -> 178 | F10: =SUMIFS(Concentrado!G$2:G438,Concentrado!$A$2:$A438,"="&$A10,Concentrado!$B$2:$B438, "=Guanajuato") -> 85
A11: 2021 | B11: =SUMIFS(Concentrado!C$2:C439,Concentrado!$A$2:$A439,"="&$A11,Concentrado!$B$2:$B439, "=Guanajuato") -> 3031 | C11: =SUMIFS(Concentrado!D$2:D439,Concentrado!$A$2:$A439,"="&$A11,Concentrado!$B$2:$B439, "=Guanajuato") -> 3840 | D11: =SUMIFS(Concentrado!E$2:E439,Concentrado!$A$2:$A439,"="&$A11,Concentrado!$B$2:$B439, "=Guanajuato") -> 2544 | E11: =SUMIFS(Concentrado!F$2:F439,Concentrado!$A$2:$A439,"="&$A11,Concentrado!$B$2:$B439, "=Guanajuato") -> 180 | F11: =SUMIFS(Concentrado!G$2:G439,Concentrado!$A$2:$A439,"="&$A11,Concentrado!$B$2:$B439, "=Guanajuato") -> 80
A12: 2022 | B12: =SUMIFS(Concentrado!C$2:C440,Concentrado!$A$2:$A440,"="&$A12,Concentrado!$B$2:$B440, "=Guanajuato") -> 3080 | C12: =SUMIFS(Concentrado!D$2:D440,Concentrado!$A$2:$A440,"="&$A12,Concentrado!$B$2:$B440, "=Guanajuato") -> 3995 | D12: =SUMIFS(Concentrado!E$2:E440,Concentrado!$A$2:$A440,"="&$A12,Concentrado!$B$2:$B440, "=Guanajuato") -> 2532 | E12: =SUMIFS(Concentrado!F$2:F440,Concentrado!$A$2:$A440,"="&$A12,Concentrado!$B$2:$B440, "=Guanajuato") -> 196 | F12: =SUMIFS(Concentrado!G$2:G440,Concentrado!$A$2:$A440,"="&$A12,Concentrado!$B$2:$B440, "=Guanajuato") -> 79
A13: 2023 | B13: =SUMIFS(Concentrado!C$2:C441,Concentrado!$A$2:$A441,"="&$A13,Concentrado!$B$2:$B441, "=Guanajuato") -> 3132 | C13: =SUMIFS(Concentrado!D$2:D441,Concentrado!$A$2:$A441,"="&$A13,Concentrado!$B$2:$B441, "=Guanajuato") -> 3772 | D13: =SUMIFS(Concentrado!E$2:E441,Concentrado!$A$2:$A441,"="&$A13,Concentrado!$B$2:$B441, "=Guanajuato") -> 2567 | E13: =SUMIFS(Concentrado!F$2:F441,Concentrado!$A$2:$A441,"="&$A13,Concentrado!$B$2:$B441, "=Guanajuato") -> 189 | F13: =SUMIFS(Concentrado!G$2:G441,Concentrado!$A$2:$A441,"="&$A13,Concentrado!$B$2:$B441, "=Guanajuato") -> 80
A14: 2024 | B14: =SUMIFS(Concentrado!C$2:C442,Concentrado!$A$2:$A442,"="&$A14,Concentrado!$B$2:$B442, "=Guanajuato") -> 3096 | C14: =SUMIFS(Concentrado!D$2:D442,Concentrado!$A$2:$A442,"="&$A14,Concentrado!$B$2:$B442, "=Guanajuato") -> 3849 | D14: =SUMIFS(Concentrado!E$2:E442,Concentrado!$A$2:$A442,"="&$A14,Concentrado!$B$2:$B442, "=Guanajuato") -> 2575 | E14: =SUMIFS(Concentrado!F$2:F442,Concentrado!$A$2:$A442,"="&$A14,Concentrado!$B$2:$B442, "=Guanajuato") -> 186 | F14: =SUMIFS(Concentrado!G$2:G442,Concentrado!$A$2:$A442,"="&$A14,Concentrado!$B$2:$B442, "=Guanajuato") -> 79

Sheet GRO
A1: Año | B1: Consultorios | C1: Camas hospitalarias | D1: Camas no hospitalarias | E1: Quirófanos | F1: Salas expulsión
A2: 2012 | B2: =SUMIFS(Concentrado!C$2:C430,Concentrado!$A$2:$A430,"="&$A2,Concentrado!$B$2:$B430, "=Guerrero") -> 2233 | C2: =SUMIFS(Concentrado!D$2:D430,Concentrado!$A$2:$A430,"="&$A2,Concentrado!$B$2:$B430, "=Guerrero") -> 1807 | D2: =SUMIFS(Concentrado!E$2:E430,Concentrado!$A$2:$A430,"="&$A2,Concentrado!$B$2:$B430, "=Guerrero") -> 1624 | E2: =SUMIFS(Concentrado!F$2:F430,Concentrado!$A$2:$A430,"="&$A2,Concentrado!$B$2:$B430, "=Guerrero") -> 125 | F2: =SUMIFS(Concentrado!G$2:G430,Concentrado!$A$2:$A430,"="&$A2,Concentrado!$B$2:$B430, "=Guerrero") -> 105
A3: 2013 | B3: =SUMIFS(Concentrado!C$2:C431,Concentrado!$A$2:$A431,"="&$A3,Concentrado!$B$2:$B431, "=Guerrero") -> 2370 | C3: =SUMIFS(Concentrado!D$2:D431,Concentrado!$A$2:$A431,"="&$A3,Concentrado!$B$2:$B431, "=Guerrero") -> 1900 | D3: =SUMIFS(Concentrado!E$2:E431,Concentrado!$A$2:$A431,"="&$A3,Concentrado!$B$2:$B431, "=Guerrero") -> 1672 | E3: =SUMIFS(Concentrado!F$2:F431,Concentrado!$A$2:$A431,"="&$A3,Concentrado!$B$2:$B431, "=Guerrero") -> 141 | F3: =SUMIFS(Concentrado!G$2:G431,Concentrado!$A$2:$A431,"="&$A3,Concentrado!$B$2:$B431, "=Guerrero") -> 108
A4: 2014 | B4: =SUMIFS(Concentrado!C$2:C432,Concentrado!$A$2:$A432,"="&$A4,Concentrado!$B$2:$B432, "=Guerrero") -> 2400 | C4: =SUMIFS(Concentrado!D$2:D432,Concentrado!$A$2:$A432,"="&$A4,Concentrado!$B$2:$B432, "=Guerrero") -> 1864 | D4: =SUMIFS(Concentrado!E$2:E432,Concentrado!$A$2:$A432,"="&$A4,Concentrado!$B$2:$B432, "=Guerrero") -> 1742 | E4: =SUMIFS(Concentrado!F$2:F432,Concentrado!$A$2:$A432,"="&$A4,Concentrado!$B$2:$B432, "=Guerrero") -> 137 | F4: =SUMIFS(Concentrado!G$2:G432,Concentrado!$A$2:$A432,"="&$A4,Concentrado!$B$2:$B432, "=Guerrero") -> 82
A5: 2015 | B5: =SUMIFS(Concentrado!C$2:C433,Concentrado!$A$2:$A433,"="&$A5,Concentrado!$B$2:$B433, "=Guerrero") -> 2405 | C5: =SUMIFS(Concentrado!D$2:D433,Concentrado!$A$2:$A433,"="&$A5,Concentrado!$B$2:$B433, "=Guerrero") -> 1911 | D5: =SUMIFS(Concentrado!E$2:E433,Concentrado!$A$2:$A433,"="&$A5,Concentrado!$B$2:$B433, "=Guerrero") -> 2109 | E5: =SUMIFS(Concentrado!F$2:F433,Concentrado!$A$2:$A433,"="&$A5,Concentrado!$B$2:$B433, "=Guerrero") -> 133 | F5: =SUMIFS(Concentrado!G$2:G433,Concentrado!$A$2:$A433,"="&$A5,Concentrado!$B$2:$B433, "=Guerrero") -> 67
A6: 2016 | B6: =SUMIFS(Concentrado!C$2:C434,Concentrado!$A$2:$A434,"="&$A6,Concentrado!$B$2:$B434, "=Guerrero") -> 2485 | C6: =SUMIFS(Concentrado!D$2:D434,Concentrado!$A$2:$A434,"="&$A6,Concentrado!$B$2:$B434, "=Guerrero") -> 2074 | D6: =SUMIFS(Concentrado!E$2:E434,Concentrado!$A$2:$A434,"="&$A6,Concentrado!$B$2:$B434, "=Guerrero") -> 2120 | E6: =SUMIFS(Concentrado!F$2:F434,Concentrado!$A$2:$A434,"="&$A6,Concentrado!$B$2:$B434, "=Guerrero") -> 127 | F6: =SUMIFS(Concentrado!G$2:G434,Concentrado!$A$2:$A434,"="&$A6,Concentrado!$B$2:$B434, "=Guerrero") -> 69
A7: 2017 | B7: =SUMIFS(Concentrado!C$2:C435,Concentrado!$A$2:$A435,"="&$A7,Concentrado!$B$2:$B435, "=Guerrero") -> 2486 | C7: =SUMIFS(Concentrado!D$2:D435,Concentrado!$A$2:$A435,"="&$A7,Concentrado!$B$2:$B435, "=Guerrero") -> 1977 | D7: =SUMIFS(Concentrado!E$2:E435,Concentrado!$A$2:$A435,"="&$A7,Concentrado!$B$2:$B435, "=Guerrero") -> 2029 | E7: =SUMIFS(Concentrado!F$2:F435,Concentrado!$A$2:$A435,"="&$A7,Concentrado!$B$2:$B435, "=Guerrero") -> 109 | F7: =SUMIFS(Concentrado!G$2:G435,Concentrado!$A$2:$A435,"="&$A7,Concentrado!$B$2:$B435, "=Guerrero") -> 65
A8: 2018 | B8: =SUMIFS(Concentrado!C$2:C436,Concentrado!$A$2:$A436,"="&$A8,Concentrado!$B$2:$B436, "=Guerrero") -> 2576 | C8: =SUMIFS(Concentrado!D$2:D436,Concentrado!$A$2:$A436,"="&$A8,Concentrado!$B$2:$B436, "=Guerrero") -> 2075 | D8: =SUMIFS(Concentrado!E$2:E436,Concentrado!$A$2:$A436,"="&$A8,Concentrado!$B$2:$B436, "=Guerrero") -> 2260 | E8: =SUMIFS(Concentrado!F$2:F436,Concentrado!$A$2:$A436,"="&$A8,Concentrado!$B$2:$B436, "=Guerrero") -> 110 | F8: =SUMIFS(Concentrado!G$2:G436,Concentrado!$A$2:$A436,"="&$A8,Concentrado!$B$2:$B436, "=Guerrero") -> 67
A9: 2019 | B9: =SUMIFS(Concentrado!C$2:C437,Concentrado!$A$2:$A437,"="&$A9,Concentrado!$B$2:$B437, "=Guerrero") -> 2574 | C9: =SUMIFS(Concentrado!D$2:D437,Concentrado!$A$2:$A437,"="&$A9,Concentrado!$B$2:$B437, "=Guerrero") -> 1990 | D9: =SUMIFS(Concentrado!E$2:E437,Concentrado!$A$2:$A437,"="&$A9,Concentrado!$B$2:$B437, "=Guerrero") -> 2353 | E9: =SUMIFS(Concentrado!F$2:F437,Concentrado!$A$2:$A437,"="&$A9,Concentrado!$B$2:$B437, "=Guerrero") -> 114 | F9: =SUMIFS(Concentrado!G$2:G437,Concentrado!$A$2:$A437,"="&$A9,Concentrado!$B$2:$B437, "=Guerrero") -> 73
A10: 2020 | B10: =SUMIFS(Concentrado!C$2:C438,Concentrado!$A$2:$A438,"="&$A10,Concentrado!$B$2:$B438, "=Guerrero") -> 2571 | C10: =SUMIFS(Concentrado!D$2:D438,Concentrado!$A$2:$A438,"="&$A10,Concentrado!$B$2:$B438, "=Guerrero") -> 1960 | D10: =SUMIFS(Concentrado!E$2:E438,Concentrado!$A$2:$A438,"="&$A10,Concentrado!$B$2:$B438, "=Guerrero") -> 2354 | E10: =SUMIFS(Concentrado!F$2:F438,Concentrado!$A$2:$A438,"="&$A10,Concentrado!$B$2:$B438, "=Guerrero") -> 111 | F10: =SUMIFS(Concentrado!G$2:G438,Concentrado!$A$2:$A438,"="&$A10,Concentrado!$B$2:$B438, "=Guerrero") -> 71
A11: 2021 | B11: =SUMIFS(Concentrado!C$2:C439,Concentrado!$A$2:$A439,"="&$A11,Concentrado!$B$2:$B439, "=Guerrero") -> 2578 | C11: =SUMIFS(Concentrado!D$2:D439,Concentrado!$A$2:$A439,"="&$A11,Concentrado!$B$2:$B439, "=Guerrero") -> 1976 | D11: =SUMIFS(Concentrado!E$2:E439,Concentrado!$A$2:$A439,"="&$A11,Concentrado!$B$2:$B439, "=Guerrero") -> 2126 | E11: =SUMIFS(Concentrado!F$2:F439,Concentrado!$A$2:$A439,"="&$A11,Concentrado!$B$2:$B439, "=Guerrero") -> 110 | F11: =SUMIFS(Concentrado!G$2:G439,Concentrado!$A$2:$A439,"="&$A11,Concentrado!$B$2:$B439, "=Guerrero") -> 71
A12: 2022 | B12: =SUMIFS(Concentrado!C$2:C440,Concentrado!$A$2:$A440,"="&$A12,Concentrado!$B$2:$B440, "=Guerrero") -> 2758 | C12: =SUMIFS(Concentrado!D$2:D440,Concentrado!$A$2:$A440,"="&$A12,Concentrado!$B$2:$B440, "=Guerrero") -> 2043 | D12: =SUMIFS(Concentrado!E$2:E440,Concentrado!$A$2:$A440,"="&$A12,Concentrado!$B$2:$B440, "=Guerrero") -> 1130 | E12: =SUMIFS(Concentrado!F$2:F440,Concentrado!$A$2:$A440,"="&$A12,Concentrado!$B$2:$B440, "=Guerrero") -> 113 | F12: =SUMIFS(Concentrado!G$2:G440,Concentrado!$A$2:$A440,"="&$A12,Concentrado!$B$2:$B440, "=Guerrero") -> 71
A13: 2023 | B13: =SUMIFS(Concentrado!C$2:C441,Concentrado!$A$2:$A441,"="&$A13,Concentrado!$B$2:$B441, "=Guerrero") -> 2796 | C13: =SUMIFS(Concentrado!D$2:D441,Concentrado!$A$2:$A441,"="&$A13,Concentrado!$B$2:$B441, "=Guerrero") -> 2081 | D13: =SUMIFS(Concentrado!E$2:E441,Concentrado!$A$2:$A441,"="&$A13,Concentrado!$B$2:$B441, "=Guerrero") -> 1168 | E13: =SUMIFS(Concentrado!F$2:F441,Concentrado!$A$2:$A441,"="&$A13,Concentrado!$B$2:$B441, "=Guerrero") -> 108 | F13: =SUMIFS(Concentrado!G$2:G441,Concentrado!$A$2:$A441,"="&$A13,Concentrado!$B$2:$B441, "=Guerrero") -> 74
A14: 2024 | B14: =SUMIFS(Concentrado!C$2:C442,Concentrado!$A$2:$A442,"="&$A14,Concentrado!$B$2:$B442, "=Guerrero") -> 3305 | C14: =SUMIFS(Concentrado!D$2:D442,Concentrado!$A$2:$A442,"="&$A14,Concentrado!$B$2:$B442, "=Guerrero") -> 2073 | D14: =SUMIFS(Concentrado!E$2:E442,Concentrado!$A$2:$A442,"="&$A14,Concentrado!$B$2:$B442, "=Guerrero") -> 1824 | E14: =SUMIFS(Concentrado!F$2:F442,Concentrado!$A$2:$A442,"="&$A14,Concentrado!$B$2:$B442, "=Guerrero") -> 124 | F14: =SUMIFS(Concentrado!G$2:G442,Concentrado!$A$2:$A442,"="&$A14,Concentrado!$B$2:$B442, "=Guerrero") -> 99

Sheet HGO
A1: Año | B1: Consultorios | C1: Camas hospitalarias | D1: Camas no hospitalarias | E1: Quirófanos | F1: Salas expulsión
A2: 2012 | B2: =SUMIFS(Concentrado!C$2:C430,Concentrado!$A$2:$A430,"="&$A2,Concentrado!$B$2:$B430, "=Hidalgo") -> 1950 | C2: =SUMIFS(Concentrado!D$2:D430,Concentrado!$A$2:$A430,"="&$A2,Concentrado!$B$2:$B430, "=Hidalgo") -> 1320 | D2: =SUMIFS(Concentrado!E$2:E430,Concentrado!$A$2:$A430,"="&$A2,Concentrado!$B$2:$B430, "=Hidalgo") -> 1941 | E2: =SUMIFS(Concentrado!F$2:F430,Concentrado!$A$2:$A430,"="&$A2,Concentrado!$B$2:$B430, "=Hidalgo") -> 48 | F2: =SUMIFS(Concentrado!G$2:G430,Concentrado!$A$2:$A430,"="&$A2,Concentrado!$B$2:$B430, "=Hidalgo") -> 74
A3: 2013 | B3: =SUMIFS(Concentrado!C$2:C431,Concentrado!$A$2:$A431,"="&$A3,Concentrado!$B$2:$B431, "=Hidalgo") -> 1931 | C3: =SUMIFS(Concentrado!D$2:D431,Concentrado!$A$2:$A431,"="&$A3,Concentrado!$B$2:$B431, "=Hidalgo") -> 1311 | D3: =SUMIFS(Concentrado!E$2:E431,Concentrado!$A$2:$A431,"="&$A3,Concentrado!$B$2:$B431, "=Hidalgo") -> 1929 | E3: =SUMIFS(Concentrado!F$2:F431,Concentrado!$A$2:$A431,"="&$A3,Concentrado!$B$2:$B431, "=Hidalgo") -> 56 | F3: =SUMIFS(Concentrado!G$2:G431,Concentrado!$A$2:$A431,"="&$A3,Concentrado!$B$2:$B431, "=Hidalgo") -> 71
A4: 2014 | B4: =SUMIFS(Concentrado!C$2:C432,Concentrado!$A$2:$A432,"="&$A4,Concentrado!$B$2:$B432, "=Hidalgo") -> 1939 | C4: =SUMIFS(Concentrado!D$2:D432,Concentrado!$A$2:$A432,"="&$A4,Concentrado!$B$2:$B432, "=Hidalgo") -> 1347 | D4: =SUMIFS(Concentrado!E$2:E432,Concentrado!$A$2:$A432,"="&$A4,Concentrado!$B$2:$B432, "=Hidalgo") -> 1732 | E4: =SUMIFS(Concentrado!F$2:F432,Concentrado!$A$2:$A432,"="&$A4,Concentrado!$B$2:$B432, "=Hidalgo") -> 57 | F4: =SUMIFS(Concentrado!G$2:G432,Concentrado!$A$2:$A432,"="&$A4,Concentrado!$B$2:$B432, "=Hidalgo") -> 55
A5: 2015 | B5: =SUMIFS(Concentrado!C$2:C433,Concentrado!$A$2:$A433,"="&$A5,Concentrado!$B$2:$B433, "=Hidalgo") -> 1946 | C5: =SUMIFS(Concentrado!D$2:D433,Concentrado!$A$2:$A433,"="&$A5,Concentrado!$B$2:$B433, "=Hidalgo") -> 1349 | D5: =SUMIFS(Concentrado!E$2:E433,Concentrado!$A$2:$A433,"="&$A5,Concentrado!$B$2:$B433, "=Hidalgo") -> 1330 | E5: =SUMIFS(Concentrado!F$2:F433,Concentrado!$A$2:$A433,"="&$A5,Concentrado!$B$2:$B433, "=Hidalgo") -> 62 | F5: =SUMIFS(Concentrado!G$2:G433,Concentrado!$A$2:$A433,"="&$A5,Concentrado!$B$2:$B433, "=Hidalgo") -> 55
A6: 2016 | B6: =SUMIFS(Concentrado!C$2:C434,Concentrado!$A$2:$A434,"="&$A6,Concentrado!$B$2:$B434, "=Hidalgo") -> 1946 | C6: =SUMIFS(Concentrado!D$2:D434,Concentrado!$A$2:$A434,"="&$A6,Concentrado!$B$2:$B434, "=Hidalgo") -> 1370 | D6: =SUMIFS(Concentrado!E$2:E434,Concentrado!$A$2:$A434,"="&$A6,Concentrado!$B$2:$B434, "=Hidalgo") -> 1480 | E6: =SUMIFS(Concentrado!F$2:F434,Concentrado!$A$2:$A434,"="&$A6,Concentrado!$B$2:$B434, "=Hidalgo") -> 63 | F6: =SUMIFS(Concentrado!G$2:G434,Concentrado!$A$2:$A434,"="&$A6,Concentrado!$B$2:$B434, "=Hidalgo") -> 69
A7: 2017 | B7: =SUMIFS(Concentrado!C$2:C435,Concentrado!$A$2:$A435,"="&$A7,Concentrado!$B$2:$B435, "=Hidalgo") -> 1971 | C7: =SUMIFS(Concentrado!D$2:D435,Concentrado!$A$2:$A435,"="&$A7,Concentrado!$B$2:$B435, "=Hidalgo") -> 1399 | D7: =SUMIFS(Concentrado!E$2:E435,Concentrado!$A$2:$A435,"="&$A7,Concentrado!$B$2:$B435, "=Hidalgo") -> 1422 | E7: =SUMIFS(Concentrado!F$2:F435,Concentrado!$A$2:$A435,"="&$A7,Concentrado!$B$2:$B435, "=Hidalgo") -> 63 | F7: =SUMIFS(Concentrado!G$2:G435,Concentrado!$A$2:$A435,"="&$A7,Concentrado!$B$2:$B435, "=Hidalgo") -> 72
A8: 2018 | B8: =SUMIFS(Concentrado!C$2:C436,Concentrado!$A$2:$A436,"="&$A8,Concentrado!$B$2:$B436, "=Hidalgo") -> 1982 | C8: =SUMIFS(Concentrado!D$2:D436,Concentrado!$A$2:$A436,"="&$A8,Concentrado!$B$2:$B436, "=Hidalgo") -> 1367 | D8: =SUMIFS(Concentrado!E$2:E436,Concentrado!$A$2:$A436,"="&$A8,Concentrado!$B$2:$B436, "=Hidalgo") -> 1355 | E8: =SUMIFS(Concentrado!F$2:F436,Concentrado!$A$2:$A436,"="&$A8,Concentrado!$B$2:$B436, "=Hidalgo") -> 62 | F8: =SUMIFS(Concentrado!G$2:G436,Concentrado!$A$2:$A436,"="&$A8,Concentrado!$B$2:$B436, "=Hidalgo") -> 77
A9: 2019 | B9: =SUMIFS(Concentrado!C$2:C437,Concentrado!$A$2:$A437,"="&$A9,Concentrado!$B$2:$B437, "=Hidalgo") -> 1980 | C9: =SUMIFS(Concentrado!D$2:D437,Concentrado!$A$2:$A437,"="&$A9,Concentrado!$B$2:$B437, "=Hidalgo") -> 1377 | D9: =SUMIFS(Concentrado!E$2:E437,Concentrado!$A$2:$A437,"="&$A9,Concentrado!$B$2:$B437, "=Hidalgo") -> 1355 | E9: =SUMIFS(Concentrado!F$2:F437,Concentrado!$A$2:$A437,"="&$A9,Concentrado!$B$2:$B437, "=Hidalgo") -> 61 | F9: =SUMIFS(Concentrado!G$2:G437,Concentrado!$A$2:$A437,"="&$A9,Concentrado!$B$2:$B437, "=Hidalgo") -> 104
A10: 2020 | B10: =SUMIFS(Concentrado!C$2:C438,Concentrado!$A$2:$A438,"="&$A10,Concentrado!$B$2:$B438, "=Hidalgo") -> 2090 | C10: =SUMIFS(Concentrado!D$2:D438,Concentrado!$A$2:$A438,"="&$A10,Concentrado!$B$2:$B438, "=Hidalgo") -> 1530 | D10: =SUMIFS(Concentrado!E$2:E438,Concentrado!$A$2:$A438,"="&$A10,Concentrado!$B$2:$B438, "=Hidalgo") -> 1502 | E10: =SUMIFS(Concentrado!F$2:F438,Concentrado!$A$2:$A438,"="&$A10,Concentrado!$B$2:$B438, "=Hidalgo") -> 61 | F10: =SUMIFS(Concentrado!G$2:G438,Concentrado!$A$2:$A438,"="&$A10,Concentrado!$B$2:$B438, "=Hidalgo") -> 103
A11: 2021 | B11: =SUMIFS(Concentrado!C$2:C439,Concentrado!$A$2:$A439,"="&$A11,Concentrado!$B$2:$B439, "=Hidalgo") -> 2058 | C11: =SUMIFS(Concentrado!D$2:D439,Concentrado!$A$2:$A439,"="&$A11,Concentrado!$B$2:$B439, "=Hidalgo") -> 1717 | D11: =SUMIFS(Concentrado!E$2:E439,Concentrado!$A$2:$A439,"="&$A11,Concentrado!$B$2:$B439, "=Hidalgo") -> 1554 | E11: =SUMIFS(Concentrado!F$2:F439,Concentrado!$A$2:$A439,"="&$A11,Concentrado!$B$2:$B439, "=Hidalgo") -> 61 | F11: =SUMIFS(Concentrado!G$2:G439,Concentrado!$A$2:$A439,"="&$A11,Concentrado!$B$2:$B439, "=Hidalgo") -> 100
A12: 2022 | B12: =SUMIFS(Concentrado!C$2:C440,Concentrado!$A$2:$A440,"="&$A12,Concentrado!$B$2:$B440, "=Hidalgo") -> 2087 | C12: =SUMIFS(Concentrado!D$2:D440,Concentrado!$A$2:$A440,"="&$A12,Concentrado!$B$2:$B440, "=Hidalgo") -> 1666 | D12: =SUMIFS(Concentrado!E$2:E440,Concentrado!$A$2:$A440,"="&$A12,Concentrado!$B$2:$B440, "=Hidalgo") -> 1498 | E12: =SUMIFS(Concentrado!F$2:F440,Concentrado!$A$2:$A440,"="&$A12,Concentrado!$B$2:$B440, "=Hidalgo") -> 70 | F12: =SUMIFS(Concentrado!G$2:G440,Concentrado!$A$2:$A440,"="&$A12,Concentrado!$B$2:$B440, "=Hidalgo") -> 41
A13: 2023 | B13: =SUMIFS(Concentrado!C$2:C441,Concentrado!$A$2:$A441,"="&$A13,Concentrado!$B$2:$B441, "=Hidalgo") -> 2234 | C13: =SUMIFS(Concentrado!D$2:D441,Concentrado!$A$2:$A441,"="&$A13,Concentrado!$B$2:$B441, "=Hidalgo") -> 1671 | D13: =SUMIFS(Concentrado!E$2:E441,Concentrado!$A$2:$A441,"="&$A13,Concentrado!$B$2:$B441, "=Hidalgo") -> 1437 | E13: =SUMIFS(Concentrado!F$2:F441,Concentrado!$A$2:$A441,"="&$A13,Concentrado!$B$2:$B441, "=Hidalgo") -> 70 | F13: =SUMIFS(Concentrado!G$2:G441,Concentrado!$A$2:$A441,"="&$A13,Concentrado!$B$2:$B441, "=Hidalgo") -> 92
A14: 2024 | B14: =SUMIFS(Concentrado!C$2:C442,Concentrado!$A$2:$A442,"="&$A14,Concentrado!$B$2:$B442, "=Hidalgo") -> 2431 | C14: =SUMIFS(Concentrado!D$2:D442,Concentrado!$A$2:$A442,"="&$A14,Concentrado!$B$2:$B442, "=Hidalgo") -> 1628 | D14: =SUMIFS(Concentrado!E$2:E442,Concentrado!$A$2:$A442,"="&$A14,Concentrado!$B$2:$B442, "=Hidalgo") -> 1453 | E14: =SUMIFS(Concentrado!F$2:F442,Concentrado!$A$2:$A442,"="&$A14,Concentrado!$B$2:$B442, "=Hidalgo") -> 81 | F14: =SUMIFS(Concentrado!G$2:G442,Concentrado!$A$2:$A442,"="&$A14,Concentrado!$B$2:$B442, "=Hidalgo") -> 63

Sheet JAL
A1: Año | B1: Consultorios | C1: Camas hospitalarias | D1: Camas no hospitalarias | E1: Quirófanos | F1: Salas expulsión
A2: 2012 | B2: =SUMIFS(Concentrado!C$2:C430,Concentrado!$A$2:$A430,"="&$A2,Concentrado!$B$2:$B430, "=Jalisco") -> 3885 | C2: =SUMIFS(Concentrado!D$2:D430,Concentrado!$A$2:$A430,"="&$A2,Concentrado!$B$2:$B430, "=Jalisco") -> 6406 | D2: =SUMIFS(Concentrado!E$2:E430,Concentrado!$A$2:$A430,"="&$A2,Concentrado!$B$2:$B430, "=Jalisco") -> 3005 | E2: =SUMIFS(Concentrado!F$2:F430,Concentrado!$A$2:$A430,"="&$A2,Concentrado!$B$2:$B430, "=Jalisco") -> 226 | F2: =SUMIFS(Concentrado!G$2:G430,Concentrado!$A$2:$A430,"="&$A2,Concentrado!$B$2:$B430, "=Jalisco") -> 119
A3: 2013 | B3: =SUMIFS(Concentrado!C$2:C431,Concentrado!$A$2:$A431,"="&$A3,Concentrado!$B$2:$B431, "=Jalisco") -> 4017 | C3: =SUMIFS(Concentrado!D$2:D431,Concentrado!$A$2:$A431,"="&$A3,Concentrado!$B$2:$B431, "=Jalisco") -> 6413 | D3: =SUMIFS(Concentrado!E$2:E431,Concentrado!$A$2:$A431,"="&$A3,Concentrado!$B$2:$B431, "=Jalisco") -> 3389 | E3: =SUMIFS(Concentrado!F$2:F431,Concentrado!$A$2:$A431,"="&$A3,Concentrado!$B$2:$B431, "=Jalisco") -> 247 | F3: =SUMIFS(Concentrado!G$2:G431,Concentrado!$A$2:$A431,"="&$A3,Concentrado!$B$2:$B431, "=Jalisco") -> 119
A4: 2014 | B4: =SUMIFS(Concentrado!C$2:C432,Concentrado!$A$2:$A432,"="&$A4,Concentrado!$B$2:$B432, "=Jalisco") -> 4149 | C4: =SUMIFS(Concentrado!D$2:D432,Concentrado!$A$2:$A432,"="&$A4,Concentrado!$B$2:$B432, "=Jalisco") -> 6435 | D4: =SUMIFS(Concentrado!E$2:E432,Concentrado!$A$2:$A432,"="&$A4,Concentrado!$B$2:$B432, "=Jalisco") -> 3558 | E4: =SUMIFS(Concentrado!F$2:F432,Concentrado!$A$2:$A432,"="&$A4,Concentrado!$B$2:$B432, "=Jalisco") -> 249 | F4: =SUMIFS(Concentrado!G$2:G432,Concentrado!$A$2:$A432,"="&$A4,Concentrado!$B$2:$B432, "=Jalisco") -> 113
A5: 2015 | B5: =SUMIFS(Concentrado!C$2:C433,Concentrado!$A$2:$A433,"="&$A5,Concentrado!$B$2:$B433, "=Jalisco") -> 3197 | C5: =SUMIFS(Concentrado!D$2:D433,Concentrado!$A$2:$A433,"="&$A5,Concentrado!$B$2:$B433, "=Jalisco") -> 5965 | D5: =SUMIFS(Concentrado!E$2:E433,Concentrado!$A$2:$A433,"="&$A5,Concentrado!$B$2:$B433, "=Jalisco") -> 3182 | E5: =SUMIFS(Concentrado!F$2:F433,Concentrado!$A$2:$A433,"="&$A5,Concentrado!$B$2:$B433, "=Jalisco") -> 259 | F5: =SUMIFS(Concentrado!G$2:G433,Concentrado!$A$2:$A433,"="&$A5,Concentrado!$B$2:$B433, "=Jalisco") -> 108
A6: 2016 | B6: =SUMIFS(Concentrado!C$2:C434,Concentrado!$A$2:$A434,"="&$A6,Concentrado!$B$2:$B434, "=Jalisco") -> 4295 | C6: =SUMIFS(Concentrado!D$2:D434,Concentrado!$A$2:$A434,"="&$A6,Concentrado!$B$2:$B434, "=Jalisco") -> 6476 | D6: =SUMIFS(Concentrado!E$2:E434,Concentrado!$A$2:$A434,"="&$A6,Concentrado!$B$2:$B434, "=Jalisco") -> 3092 | E6: =SUMIFS(Concentrado!F$2:F434,Concentrado!$A$2:$A434,"="&$A6,Concentrado!$B$2:$B434, "=Jalisco") -> 261 | F6: =SUMIFS(Concentrado!G$2:G434,Concentrado!$A$2:$A434,"="&$A6,Concentrado!$B$2:$B434, "=Jalisco") -> 123
A7: 2017 | B7: =SUMIFS(Concentrado!C$2:C435,Concentrado!$A$2:$A435,"="&$A7,Concentrado!$B$2:$B435, "=Jalisco") -> 4273 | C7: =SUMIFS(Concentrado!D$2:D435,Concentrado!$A$2:$A435,"="&$A7,Concentrado!$B$2:$B435, "=Jalisco") -> 6487 | D7: =SUMIFS(Concentrado!E$2:E435,Concentrado!$A$2:$A435,"="&$A7,Concentrado!$B$2:$B435, "=Jalisco") -> 3045 | E7: =SUMIFS(Concentrado!F$2:F435,Concentrado!$A$2:$A435,"="&$A7,Concentrado!$B$2:$B435, "=Jalisco") -> 268 | F7: =SUMIFS(Concentrado!G$2:G435,Concentrado!$A$2:$A435,"="&$A7,Concentrado!$B$2:$B435, "=Jalisco") -> 109
A8: 2018 | B8: =SUMIFS(Concentrado!C$2:C436,Concentrado!$A$2:$A436,"="&$A8,Concentrado!$B$2:$B436, "=Jalisco") -> 4300 | C8: =SUMIFS(Concentrado!D$2:D436,Concentrado!$A$2:$A436,"="&$A8,Concentrado!$B$2:$B436, "=Jalisco") -> 6460 | D8: =SUMIFS(Concentrado!E$2:E436,Concentrado!$A$2:$A436,"="&$A8,Concentrado!$B$2:$B436, "=Jalisco") -> 2975 | E8: =SUMIFS(Concentrado!F$2:F436,Concentrado!$A$2:$A436,"="&$A8,Concentrado!$B$2:$B436, "=Jalisco") -> 263 | F8: =SUMIFS(Concentrado!G$2:G436,Concentrado!$A$2:$A436,"="&$A8,Concentrado!$B$2:$B436, "=Jalisco") -> 109
A9: 2019 | B9: =SUMIFS(Concentrado!C$2:C437,Concentrado!$A$2:$A437,"="&$A9,Concentrado!$B$2:$B437, "=Jalisco") -> 4277 | C9: =SUMIFS(Concentrado!D$2:D437,Concentrado!$A$2:$A437,"="&$A9,Concentrado!$B$2:$B437, "=Jalisco") -> 6494 | D9: =SUMIFS(Concentrado!E$2:E437,Concentrado!$A$2:$A437,"="&$A9,Concentrado!$B$2:$B437, "=Jalisco") -> 2951 | E9: =SUMIFS(Concentrado!F$2:F437,Concentrado!$A$2:$A437,"="&$A9,Concentrado!$B$2:$B437, "=Jalisco") -> 263 | F9: =SUMIFS(Concentrado!G$2:G437,Concentrado!$A$2:$A437,"="&$A9,Concentrado!$B$2:$B437, "=Jalisco") -> 169
A10: 2020 | B10: =SUMIFS(Concentrado!C$2:C438,Concentrado!$A$2:$A438,"="&$A10,Concentrado!$B$2:$B438, "=Jalisco") -> 4231 | C10: =SUMIFS(Concentrado!D$2:D438,Concentrado!$A$2:$A438,"="&$A10,Concentrado!$B$2:$B438, "=Jalisco") -> 6798 | D10: =SUMIFS(Concentrado!E$2:E438,Concentrado!$A$2:$A438,"="&$A10,Concentrado!$B$2:$B438, "=Jalisco") -> 3252 | E10: =SUMIFS(Concentrado!F$2:F438,Concentrado!$A$2:$A438,"="&$A10,Concentrado!$B$2:$B438, "=Jalisco") -> 260 | F10: =SUMIFS(Concentrado!G$2:G438,Concentrado!$A$2:$A438,"="&$A10,Concentrado!$B$2:$B438, "=Jalisco") -> 160
A11: 2021 | B11: =SUMIFS(Concentrado!C$2:C439,Concentrado!$A$2:$A439,"="&$A11,Concentrado!$B$2:$B439, "=Jalisco") -> 4261 | C11: =SUMIFS(Concentrado!D$2:D439,Concentrado!$A$2:$A439,"="&$A11,Concentrado!$B$2:$B439, "=Jalisco") -> 6840 | D11: =SUMIFS(Concentrado!E$2:E439,Concentrado!$A$2:$A439,"="&$A11,Concentrado!$B$2:$B439, "=Jalisco") -> 3330 | E11: =SUMIFS(Concentrado!F$2:F439,Concentrado!$A$2:$A439,"="&$A11,Concentrado!$B$2:$B439, "=Jalisco") -> 275 | F11: =SUMIFS(Concentrado!G$2:G439,Concentrado!$A$2:$A439,"="&$A11,Concentrado!$B$2:$B439, "=Jalisco") -> 139
A12: 2022 | B12: =SUMIFS(Concentrado!C$2:C440,Concentrado!$A$2:$A440,"="&$A12,Concentrado!$B$2:$B440, "=Jalisco") -> 4369 | C12: =SUMIFS(Concentrado!D$2:D440,Concentrado!$A$2:$A440,"="&$A12,Concentrado!$B$2:$B440, "=Jalisco") -> 6897 | D12: =SUMIFS(Concentrado!E$2:E440,Concentrado!$A$2:$A440,"="&$A12,Concentrado!$B$2:$B440, "=Jalisco") -> 3353 | E12: =SUMIFS(Concentrado!F$2:F440,Concentrado!$A$2:$A440,"="&$A12,Concentrado!$B$2:$B440, "=Jalisco") -> 277 | F12: =SUMIFS(Concentrado!G$2:G440,Concentrado!$A$2:$A440,"="&$A12,Concentrado!$B$2:$B440, "=Jalisco") -> 134
A13: 2023 | B13: =SUMIFS(Concentrado!C$2:C441,Concentrado!$A$2:$A441,"="&$A13,Concentrado!$B$2:$B441, "=Jalisco") -> 4399 | C13: =SUMIFS(Concentrado!D$2:D441,Concentrado!$A$2:$A441,"="&$A13,Concentrado!$B$2:$B441, "=Jalisco") -> 6887 | D13: =SUMIFS(Concentrado!E$2:E441,Concentrado!$A$2:$A441,"="&$A13,Concentrado!$B$2:$B441, "=Jalisco") -> 3751 | E13: =SUMIFS(Concentrado!F$2:F441,Concentrado!$A$2:$A441,"="&$A13,Concentrado!$B$2:$B441, "=Jalisco") -> 281 | F13: =SUMIFS(Concentrado!G$2:G441,Concentrado!$A$2:$A441,"="&$A13,Concentrado!$B$2:$B441, "=Jalisco") -> 133
A14: 2024 | B14: =SUMIFS(Concentrado!C$2:C442,Concentrado!$A$2:$A442,"="&$A14,Concentrado!$B$2:$B442, "=Jalisco") -> 4488 | C14: =SUMIFS(Concentrado!D$2:D442,Concentrado!$A$2:$A442,"="&$A14,Concentrado!$B$2:$B442, "=Jalisco") -> 7197 | D14: =SUMIFS(Concentrado!E$2:E442,Concentrado!$A$2:$A442,"="&$A14,Concentrado!$B$2:$B442, "=Jalisco") -> 4037 | E14: =SUMIFS(Concentrado!F$2:F442,Concentrado!$A$2:$A442,"="&$A14,Concentrado!$B$2:$B442, "=Jalisco") -> 303 | F14: =SUMIFS(Concentrado!G$2:G442,Concentrado!$A$2:$A442,"="&$A14,Concentrado!$B$2:$B442, "=Jalisco") -> 138

Sheet MEX
A1: Año | B1: Consultorios | C1: Camas hospitalarias | D1: Camas no hospitalarias | E1: Quirófanos | F1: Salas expulsión
A2: 2012 | B2: =SUMIFS(Concentrado!C$2:C430,Concentrado!$A$2:$A430,"="&$A2,Concentrado!$B$2:$B430, "=México") -> 6685 | C2: =SUMIFS(Concentrado!D$2:D430,Concentrado!$A$2:$A430,"="&$A2,Concentrado!$B$2:$B430, "=México") -> 8022 | D2: =SUMIFS(Concentrado!E$2:E430,Concentrado!$A$2:$A430,"="&$A2,Concentrado!$B$2:$B430, "=México") -> 4521 | E2: =SUMIFS(Concentrado!F$2:F430,Concentrado!$A$2:$A430,"="&$A2,Concentrado!$B$2:$B430, "=México") -> 284 | F2: =SUMIFS(Concentrado!G$2:G430,Concentrado!$A$2:$A430,"="&$A2,Concentrado!$B$2:$B430, "=México") -> 199
A3: 2013 | B3: =SUMIFS(Concentrado!C$2:C431,Concentrado!$A$2:$A431,"="&$A3,Concentrado!$B$2:$B431, "=México") -> 7010 | C3: =SUMIFS(Concentrado!D$2:D431,Concentrado!$A$2:$A431,"="&$A3,Concentrado!$B$2:$B431, "=México") -> 8034 | D3: =SUMIFS(Concentrado!E$2:E431,Concentrado!$A$2:$A431,"="&$A3,Concentrado!$B$2:$B431, "=México") -> 4893 | E3: =SUMIFS(Concentrado!F$2:F431,Concentrado!$A$2:$A431,"="&$A3,Concentrado!$B$2:$B431, "=México") -> 308 | F3: =SUMIFS(Concentrado!G$2:G431,Concentrado!$A$2:$A431,"="&$A3,Concentrado!$B$2:$B431, "=México") -> 208
A4: 2014 | B4: =SUMIFS(Concentrado!C$2:C432,Concentrado!$A$2:$A432,"="&$A4,Concentrado!$B$2:$B432, "=México") -> 7127 | C4: =SUMIFS(Concentrado!D$2:D432,Concentrado!$A$2:$A432,"="&$A4,Concentrado!$B$2:$B432, "=México") -> 8198 | D4: =SUMIFS(Concentrado!E$2:E432,Concentrado!$A$2:$A432,"="&$A4,Concentrado!$B$2:$B432, "=México") -> 4966 | E4: =SUMIFS(Concentrado!F$2:F432,Concentrado!$A$2:$A432,"="&$A4,Concentrado!$B$2:$B432, "=México") -> 321 | F4: =SUMIFS(Concentrado!G$2:G432,Concentrado!$A$2:$A432,"="&$A4,Concentrado!$B$2:$B432, "=México") -> 210
A5: 2015 | B5: =SUMIFS(Concentrado!C$2:C433,Concentrado!$A$2:$A433,"="&$A5,Concentrado!$B$2:$B433, "=México") -> 7279 | C5: =SUMIFS(Concentrado!D$2:D433,Concentrado!$A$2:$A433,"="&$A5,Concentrado!$B$2:$B433, "=México") -> 8311 | D5: =SUMIFS(Concentrado!E$2:E433,Concentrado!$A$2:$A433,"="&$A5,Concentrado!$B$2:$B433, "=México") -> 4566 | E5: =SUMIFS(Concentrado!F$2:F433,Concentrado!$A$2:$A433,"="&$A5,Concentrado!$B$2:$B433, "=México") -> 315 | F5: =SUMIFS(Concentrado!G$2:G433,Concentrado!$A$2:$A433,"="&$A5,Concentrado!$B$2:$B433, "=México") -> 218
A6: 2016 | B6: =SUMIFS(Concentrado!C$2:C434,Concentrado!$A$2:$A434,"="&$A6,Concentrado!$B$2:$B434, "=México") -> 7643 | C6: =SUMIFS(Concentrado!D$2:D434,Concentrado!$A$2:$A434,"="&$A6,Concentrado!$B$2:$B434, "=México") -> 8812 | D6: =SUMIFS(Concentrado!E$2:E434,Concentrado!$A$2:$A434,"="&$A6,Concentrado!$B$2:$B434, "=México") -> 4730 | E6: =SUMIFS(Concentrado!F$2:F434,Concentrado!$A$2:$A434,"="&$A6,Concentrado!$B$2:$B434, "=México") -> 341 | F6: =SUMIFS(Concentrado!G$2:G434,Concentrado!$A$2:$A434,"="&$A6,Concentrado!$B$2:$B434, "=México") -> 227
A7: 2017 | B7: =SUMIFS(Concentrado!C$2:C435,Concentrado!$A$2:$A435,"="&$A7,Concentrado!$B$2:$B435, "=México") -> 7517 | C7: =SUMIFS(Concentrado!D$2:D435,Concentrado!$A$2:$A435,"="&$A7,Concentrado!$B$2:$B435, "=México") -> 8407 | D7: =SUMIFS(Concentrado!E$2:E435,Concentrado!$A$2:$A435,"="&$A7,Concentrado!$B$2:$B435, "=México") -> 4289 | E7: =SUMIFS(Concentrado!F$2:F435,Concentrado!$A$2:$A435,"="&$A7,Concentrado!$B$2:$B435, "=México") -> 326 | F7: =SUMIFS(Concentrado!G$2:G435,Concentrado!$A$2:$A435,"="&$A7,Concentrado!$B$2:$B435, "=México") -> 218
A8: 2018 | B8: =SUMIFS(Concentrado!C$2:C436,Concentrado!$A$2:$A436,"="&$A8,Concentrado!$B$2:$B436, "=México") -> 7476 | C8: =SUMIFS(Concentrado!D$2:D436,Concentrado!$A$2:$A436,"="&$A8,Concentrado!$B$2:$B436, "=México") -> 8356 | D8: =SUMIFS(Concentrado!E$2:E436,Concentrado!$A$2:$A436,"="&$A8,Concentrado!$B$2:$B436, "=México") -> 4307 | E8: =SUMIFS(Concentrado!F$2:F436,Concentrado!$A$2:$A436,"="&$A8,Concentrado!$B$2:$B436, "=México") -> 324 | F8: =SUMIFS(Concentrado!G$2:G436,Concentrado!$A$2:$A436,"="&$A8,Concentrado!$B$2:$B436, "=México") -> 217
A9: 2019 | B9: =SUMIFS(Concentrado!C$2:C437,Concentrado!$A$2:$A437,"="&$A9,Concentrado!$B$2:$B437, "=México") -> 7523 | C9: =SUMIFS(Concentrado!D$2:D437,Concentrado!$A$2:$A437,"="&$A9,Concentrado!$B$2:$B437, "=México") -> 8267 | D9: =SUMIFS(Concentrado!E$2:E437,Concentrado!$A$2:$A437,"="&$A9,Concentrado!$B$2:$B437, "=México") -> 4430 | E9: =SUMIFS(Concentrado!F$2:F437,Concentrado!$A$2:$A437,"="&$A9,Concentrado!$B$2:$B437, "=México") -> 333 | F9: =SUMIFS(Concentrado!G$2:G437,Concentrado!$A$2:$A437,"="&$A9,Concentrado!$B$2:$B437, "=México") -> 217
A10: 2020 | B10: =SUMIFS(Concentrado!C$2:C438,Concentrado!$A$2:$A438,"="&$A10,Concentrado!$B$2:$B438, "=México") -> 7676 | C10: =SUMIFS(Concentrado!D$2:D438,Concentrado!$A$2:$A438,"="&$A10,Concentrado!$B$2:$B438, "=México") -> 8594 | D10: =SUMIFS(Concentrado!E$2:E438,Concentrado!$A$2:$A438,"="&$A10,Concentrado!$B$2:$B438, "=México") -> 4552 | E10: =SUMIFS(Concentrado!F$2:F438,Concentrado!$A$2:$A438,"="&$A10,Concentrado!$B$2:$B438, "=México") -> 345 | F10: =SUMIFS(Concentrado!G$2:G438,Concentrado!$A$2:$A438,"="&$A10,Concentrado!$B$2:$B438, "=México") -> 218
A11: 2021 | B11: =SUMIFS(Concentrado!C$2:C439,Concentrado!$A$2:$A439,"="&$A11,Concentrado!$B$2:$B439, "=México") -> 7757 | C11: =SUMIFS(Concentrado!D$2:D439,Concentrado!$A$2:$A439,"="&$A11,Concentrado!$B$2:$B439, "=México") -> 8959 | D11: =SUMIFS(Concentrado!E$2:E439,Concentrado!$A$2:$A439,"="&$A11,Concentrado!$B$2:$B439, "=México") -> 4575 | E11: =SUMIFS(Concentrado!F$2:F439,Concentrado!$A$2:$A439,"="&$A11,Concentrado!$B$2:$B439, "=México") -> 339 | F11: =SUMIFS(Concentrado!G$2:G439,Concentrado!$A$2:$A439,"="&$A11,Concentrado!$B$2:$B439, "=México") -> 220
A12: 2022 | B12: =SUMIFS(Concentrado!C$2:C440,Concentrado!$A$2:$A440,"="&$A12,Concentrado!$B$2:$B440, "=México") -> 7904 | C12: =SUMIFS(Concentrado!D$2:D440,Concentrado!$A$2:$A440,"="&$A12,Concentrado!$B$2:$B440, "=México") -> 9117 | D12: =SUMIFS(Concentrado!E$2:E440,Concentrado!$A$2:$A440,"="&$A12,Concentrado!$B$2:$B440, "=México") -> 4603 | E12: =SUMIFS(Concentrado!F$2:F440,Concentrado!$A$2:$A440,"="&$A12,Concentrado!$B$2:$B440, "=México") -> 362 | F12: =SUMIFS(Concentrado!G$2:G440,Concentrado!$A$2:$A440,"="&$A12,Concentrado!$B$2:$B440, "=México") -> 223
A13: 2023 | B13: =SUMIFS(Concentrado!C$2:C441,Concentrado!$A$2:$A441,"="&$A13,Concentrado!$B$2:$B441, "=México") -> 7923 | C13: =SUMIFS(Concentrado!D$2:D441,Concentrado!$A$2:$A441,"="&$A13,Concentrado!$B$2:$B441, "=México") -> 9035 | D13: =SUMIFS(Concentrado!E$2:E441,Concentrado!$A$2:$A441,"="&$A13,Concentrado!$B$2:$B441, "=México") -> 4628 | E13: =SUMIFS(Concentrado!F$2:F441,Concentrado!$A$2:$A441,"="&$A13,Concentrado!$B$2:$B441, "=México") -> 367 | F13: =SUMIFS(Concentrado!G$2:G441,Concentrado!$A$2:$A441,"="&$A13,Concentrado!$B$2:$B441, "=México") -> 224
A14: 2024 | B14: =SUMIFS(Concentrado!C$2:C442,Concentrado!$A$2:$A442,"="&$A14,Concentrado!$B$2:$B442, "=México") -> 8342 | C14: =SUMIFS(Concentrado!D$2:D442,Concentrado!$A$2:$A442,"="&$A14,Concentrado!$B$2:$B442, "=México") -> 9452 | D14: =SUMIFS(Concentrado!E$2:E442,Concentrado!$A$2:$A442,"="&$A14,Concentrado!$B$2:$B442, "=México") -> 4681 | E14: =SUMIFS(Concentrado!F$2:F442,Concentrado!$A$2:$A442,"="&$A14,Concentrado!$B$2:$B442, "=México") -> 380 | F14: =SUMIFS(Concentrado!G$2:G442,Concentrado!$A$2:$A442,"="&$A14,Concentrado!$B$2:$B442, "=México") -> 225

Sheet MICH
A1: Año | B1: Consultorios | C1: Camas hospitalarias | D1: Camas no hospitalarias | E1: Quirófanos | F1: Salas expulsión
A2: 2012 | B2: =SUMIFS(Concentrado!C$2:C430,Concentrado!$A$2:$A430,"="&$A2,Concentrado!$B$2:$B430, "=Michoacán") -> 2634 | C2: =SUMIFS(Concentrado!D$2:D430,Concentrado!$A$2:$A430,"="&$A2,Concentrado!$B$2:$B430, "=Michoacán") -> 2535 | D2: =SUMIFS(Concentrado!E$2:E430,Concentrado!$A$2:$A430,"="&$A2,Concentrado!$B$2:$B430, "=Michoacán") -> 1975 | E2: =SUMIFS(Concentrado!F$2:F430,Concentrado!$A$2:$A430,"="&$A2,Concentrado!$B$2:$B430, "=Michoacán") -> 106 | F2: =SUMIFS(Concentrado!G$2:G430,Concentrado!$A$2:$A430,"="&$A2,Concentrado!$B$2:$B430, "=Michoacán") -> 91
A3: 2013 | B3: =SUMIFS(Concentrado!C$2:C431,Concentrado!$A$2:$A431,"="&$A3,Concentrado!$B$2:$B431, "=Michoacán") -> 2739 | C3: =SUMIFS(Concentrado!D$2:D431,Concentrado!$A$2:$A431,"="&$A3,Concentrado!$B$2:$B431, "=Michoacán") -> 2490 | D3: =SUMIFS(Concentrado!E$2:E431,Concentrado!$A$2:$A431,"="&$A3,Concentrado!$B$2:$B431, "=Michoacán") -> 2123 | E3: =SUMIFS(Concentrado!F$2:F431,Concentrado!$A$2:$A431,"="&$A3,Concentrado!$B$2:$B431, "=Michoacán") -> 118 | F3: =SUMIFS(Concentrado!G$2:G431,Concentrado!$A$2:$A431,"="&$A3,Concentrado!$B$2:$B431, "=Michoacán") -> 93
A4: 2014 | B4: =SUMIFS(Concentrado!C$2:C432,Concentrado!$A$2:$A432,"="&$A4,Concentrado!$B$2:$B432, "=Michoacán") -> 2780 | C4: =SUMIFS(Concentrado!D$2:D432,Concentrado!$A$2:$A432,"="&$A4,Concentrado!$B$2:$B432, "=Michoacán") -> 2513 | D4: =SUMIFS(Concentrado!E$2:E432,Concentrado!$A$2:$A432,"="&$A4,Concentrado!$B$2:$B432, "=Michoacán") -> 2191 | E4: =SUMIFS(Concentrado!F$2:F432,Concentrado!$A$2:$A432,"="&$A4,Concentrado!$B$2:$B432, "=Michoacán") -> 116 | F4: =SUMIFS(Concentrado!G$2:G432,Concentrado!$A$2:$A432,"="&$A4,Concentrado!$B$2:$B432, "=Michoacán") -> 93
A5: 2015 | B5: =SUMIFS(Concentrado!C$2:C433,Concentrado!$A$2:$A433,"="&$A5,Concentrado!$B$2:$B433, "=Michoacán") -> 2787 | C5: =SUMIFS(Concentrado!D$2:D433,Concentrado!$A$2:$A433,"="&$A5,Concentrado!$B$2:$B433, "=Michoacán") -> 2504 | D5: =SUMIFS(Concentrado!E$2:E433,Concentrado!$A$2:$A433,"="&$A5,Concentrado!$B$2:$B433, "=Michoacán") -> 1508 | E5: =SUMIFS(Concentrado!F$2:F433,Concentrado!$A$2:$A433,"="&$A5,Concentrado!$B$2:$B433, "=Michoacán") -> 123 | F5: =SUMIFS(Concentrado!G$2:G433,Concentrado!$A$2:$A433,"="&$A5,Concentrado!$B$2:$B433, "=Michoacán") -> 92
A6: 2016 | B6: =SUMIFS(Concentrado!C$2:C434,Concentrado!$A$2:$A434,"="&$A6,Concentrado!$B$2:$B434, "=Michoacán") -> 2846 | C6: =SUMIFS(Concentrado!D$2:D434,Concentrado!$A$2:$A434,"="&$A6,Concentrado!$B$2:$B434, "=Michoacán") -> 2510 | D6: =SUMIFS(Concentrado!E$2:E434,Concentrado!$A$2:$A434,"="&$A6,Concentrado!$B$2:$B434, "=Michoacán") -> 1479 | E6: =SUMIFS(Concentrado!F$2:F434,Concentrado!$A$2:$A434,"="&$A6,Concentrado!$B$2:$B434, "=Michoacán") -> 117 | F6: =SUMIFS(Concentrado!G$2:G434,Concentrado!$A$2:$A434,"="&$A6,Concentrado!$B$2:$B434, "=Michoacán") -> 96
A7: 2017 | B7: =SUMIFS(Concentrado!C$2:C435,Concentrado!$A$2:$A435,"="&$A7,Concentrado!$B$2:$B435, "=Michoacán") -> 2894 | C7: =SUMIFS(Concentrado!D$2:D435,Concentrado!$A$2:$A435,"="&$A7,Concentrado!$B$2:$B435, "=Michoacán") -> 2615 | D7: =SUMIFS(Concentrado!E$2:E435,Concentrado!$A$2:$A435,"="&$A7,Concentrado!$B$2:$B435, "=Michoacán") -> 1490 | E7: =SUMIFS(Concentrado!F$2:F435,Concentrado!$A$2:$A435,"="&$A7,Concentrado!$B$2:$B435, "=Michoacán") -> 124 | F7: =SUMIFS(Concentrado!G$2:G435,Concentrado!$A$2:$A435,"="&$A7,Concentrado!$B$2:$B435, "=Michoacán") -> 90
A8: 2018 | B8: =SUMIFS(Concentrado!C$2:C436,Concentrado!$A$2:$A436,"="&$A8,Concentrado!$B$2:$B436, "=Michoacán") -> 2949 | C8: =SUMIFS(Concentrado!D$2:D436,Concentrado!$A$2:$A436,"="&$A8,Concentrado!$B$2:$B436, "=Michoacán") -> 2648 | D8: =SUMIFS(Concentrado!E$2:E436,Concentrado!$A$2:$A436,"="&$A8,Concentrado!$B$2:$B436, "=Michoacán") -> 1573 | E8: =SUMIFS(Concentrado!F$2:F436,Concentrado!$A$2:$A436,"="&$A8,Concentrado!$B$2:$B436, "=Michoacán") -> 122 | F8: =SUMIFS(Concentrado!G$2:G436,Concentrado!$A$2:$A436,"="&$A8,Concentrado!$B$2:$B436, "=Michoacán") -> 84
A9: 2019 | B9: =SUMIFS(Concentrado!C$2:C437,Concentrado!$A$2:$A437,"="&$A9,Concentrado!$B$2:$B437, "=Michoacán") -> 2921 | C9: =SUMIFS(Concentrado!D$2:D437,Concentrado!$A$2:$A437,"="&$A9,Concentrado!$B$2:$B437, "=Michoacán") -> 2622 | D9: =SUMIFS(Concentrado!E$2:E437,Concentrado!$A$2:$A437,"="&$A9,Concentrado!$B$2:$B437, "=Michoacán") -> 1565 | E9: =SUMIFS(Concentrado!F$2:F437,Concentrado!$A$2:$A437,"="&$A9,Concentrado!$B$2:$B437, "=Michoacán") -> 133 | F9: =SUMIFS(Concentrado!G$2:G437,Concentrado!$A$2:$A437,"="&$A9,Concentrado!$B$2:$B437, "=Michoacán") -> 90
A10: 2020 | B10: =SUMIFS(Concentrado!C$2:C438,Concentrado!$A$2:$A438,"="&$A10,Concentrado!$B$2:$B438, "=Michoacán") -> 3011 | C10: =SUMIFS(Concentrado!D$2:D438,Concentrado!$A$2:$A438,"="&$A10,Concentrado!$B$2:$B438, "=Michoacán") -> 2758 | D10: =SUMIFS(Concentrado!E$2:E438,Concentrado!$A$2:$A438,"="&$A10,Concentrado!$B$2:$B438, "=Michoacán") -> 1604 | E10: =SUMIFS(Concentrado!F$2:F438,Concentrado!$A$2:$A438,"="&$A10,Concentrado!$B$2:$B438, "=Michoacán") -> 139 | F10: =SUMIFS(Concentrado!G$2:G438,Concentrado!$A$2:$A438,"="&$A10,Concentrado!$B$2:$B438, "=Michoacán") -> 85
A11: 2021 | B11: =SUMIFS(Concentrado!C$2:C439,Concentrado!$A$2:$A439,"="&$A11,Concentrado!$B$2:$B439, "=Michoacán") -> 2974 | C11: =SUMIFS(Concentrado!D$2:D439,Concentrado!$A$2:$A439,"="&$A11,Concentrado!$B$2:$B439, "=Michoacán") -> 2779 | D11: =SUMIFS(Concentrado!E$2:E439,Concentrado!$A$2:$A439,"="&$A11,Concentrado!$B$2:$B439, "=Michoacán") -> 1491 | E11: =SUMIFS(Concentrado!F$2:F439,Concentrado!$A$2:$A439,"="&$A11,Concentrado!$B$2:$B439, "=Michoacán") -> 139 | F11: =SUMIFS(Concentrado!G$2:G439,Concentrado!$A$2:$A439,"="&$A11,Concentrado!$B$2:$B439, "=Michoacán") -> 85
A12: 2022 | B12: =SUMIFS(Concentrado!C$2:C440,Concentrado!$A$2:$A440,"="&$A12,Concentrado!$B$2:$B440, "=Michoacán") -> 3059 | C12: =SUMIFS(Concentrado!D$2:D440,Concentrado!$A$2:$A440,"="&$A12,Concentrado!$B$2:$B440, "=Michoacán") -> 2841 | D12: =SUMIFS(Concentrado!E$2:E440,Concentrado!$A$2:$A440,"="&$A12,Concentrado!$B$2:$B440, "=Michoacán") -> 1323 | E12: =SUMIFS(Concentrado!F$2:F440,Concentrado!$A$2:$A440,"="&$A12,Concentrado!$B$2:$B440, "=Michoacán") -> 138 | F12: =SUMIFS(Concentrado!G$2:G440,Concentrado!$A$2:$A440,"="&$A12,Concentrado!$B$2:$B440, "=Michoacán") -> 85
A13: 2023 | B13: =SUMIFS(Concentrado!C$2:C441,Concentrado!$A$2:$A441,"="&$A13,Concentrado!$B$2:$B441, "=Michoacán") -> 3095 | C13: =SUMIFS(Concentrado!D$2:D441,Concentrado!$A$2:$A441,"="&$A13,Concentrado!$B$2:$B441, "=Michoacán") -> 2773 | D13: =SUMIFS(Concentrado!E$2:E441,Concentrado!$A$2:$A441,"="&$A13,Concentrado!$B$2:$B441, "=Michoacán") -> 1368 | E13: =SUMIFS(Concentrado!F$2:F441,Concentrado!$A$2:$A441,"="&$A13,Concentrado!$B$2:$B441, "=Michoacán") -> 134 | F13: =SUMIFS(Concentrado!G$2:G441,Concentrado!$A$2:$A441,"="&$A13,Concentrado!$B$2:$B441, "=Michoacán") -> 75
A14: 2024 | B14: =SUMIFS(Concentrado!C$2:C442,Concentrado!$A$2:$A442,"="&$A14,Concentrado!$B$2:$B442, "=Michoacán") -> 3051 | C14: =SUMIFS(Concentrado!D$2:D442,Concentrado!$A$2:$A442,"="&$A14,Concentrado!$B$2:$B442, "=Michoacán") -> 2839 | D14: =SUMIFS(Concentrado!E$2:E442,Concentrado!$A$2:$A442,"="&$A14,Concentrado!$B$2:$B442, "=Michoacán") -> 1365 | E14: =SUMIFS(Concentrado!F$2:F442,Concentrado!$A$2:$A442,"="&$A14,Concentrado!$B$2:$B442, "=Michoacán") -> 131 | F14: =SUMIFS(Concentrado!G$2:G442,Concentrado!$A$2:$A442,"="&$A14,Concentrado!$B$2:$B442, "=Michoacán") -> 75

Sheet MOR
A1: Año | B1: Consultorios | C1: Camas hospitalarias | D1: Camas no hospitalarias | E1: Quirófanos | F1: Salas expulsión
A2: 2012 | B2: =SUMIFS(Concentrado!C$2:C430,Concentrado!$A$2:$A430,"="&$A2,Concentrado!$B$2:$B430, "=Morelos") -> 1123 | C2: =SUMIFS(Concentrado!D$2:D430,Concentrado!$A$2:$A430,"="&$A2,Concentrado!$B$2:$B430, "=Morelos") -> 1005 | D2: =SUMIFS(Concentrado!E$2:E430,Concentrado!$A$2:$A430,"="&$A2,Concentrado!$B$2:$B430, "=Morelos") -> 900 | E2: =SUMIFS(Concentrado!F$2:F430,Concentrado!$A$2:$A430,"="&$A2,Concentrado!$B$2:$B430, "=Morelos") -> 53 | F2: =SUMIFS(Concentrado!G$2:G430,Concentrado!$A$2:$A430,"="&$A2,Concentrado!$B$2:$B430, "=Morelos") -> 32
A3: 2013 | B3: =SUMIFS(Concentrado!C$2:C431,Concentrado!$A$2:$A431,"="&$A3,Concentrado!$B$2:$B431, "=Morelos") -> 1188 | C3: =SUMIFS(Concentrado!D$2:D431,Concentrado!$A$2:$A431,"="&$A3,Concentrado!$B$2:$B431, "=Morelos") -> 1057 | D3: =SUMIFS(Concentrado!E$2:E431,Concentrado!$A$2:$A431,"="&$A3,Concentrado!$B$2:$B431, "=Morelos") -> 851 | E3: =SUMIFS(Concentrado!F$2:F431,Concentrado!$A$2:$A431,"="&$A3,Concentrado!$B$2:$B431, "=Morelos") -> 60 | F3: =SUMIFS(Concentrado!G$2:G431,Concentrado!$A$2:$A431,"="&$A3,Concentrado!$B$2:$B431, "=Morelos") -> 28
A4: 2014 | B4: =SUMIFS(Concentrado!C$2:C432,Concentrado!$A$2:$A432,"="&$A4,Concentrado!$B$2:$B432, "=Morelos") -> 1269 | C4: =SUMIFS(Concentrado!D$2:D432,Concentrado!$A$2:$A432,"="&$A4,Concentrado!$B$2:$B432, "=Morelos") -> 1063 | D4: =SUMIFS(Concentrado!E$2:E432,Concentrado!$A$2:$A432,"="&$A4,Concentrado!$B$2:$B432, "=Morelos") -> 939 | E4: =SUMIFS(Concentrado!F$2:F432,Concentrado!$A$2:$A432,"="&$A4,Concentrado!$B$2:$B432, "=Morelos") -> 62 | F4: =SUMIFS(Concentrado!G$2:G432,Concentrado!$A$2:$A432,"="&$A4,Concentrado!$B$2:$B432, "=Morelos") -> 29
A5: 2015 | B5: =SUMIFS(Concentrado!C$2:C433,Concentrado!$A$2:$A433,"="&$A5,Concentrado!$B$2:$B433, "=Morelos") -> 1311 | C5: =SUMIFS(Concentrado!D$2:D433,Concentrado!$A$2:$A433,"="&$A5,Concentrado!$B$2:$B433, "=Morelos") -> 1109 | D5: =SUMIFS(Concentrado!E$2:E433,Concentrado!$A$2:$A433,"="&$A5,Concentrado!$B$2:$B433, "=Morelos") -> 883 | E5: =SUMIFS(Concentrado!F$2:F433,Concentrado!$A$2:$A433,"="&$A5,Concentrado!$B$2:$B433, "=Morelos") -> 56 | F5: =SUMIFS(Concentrado!G$2:G433,Concentrado!$A$2:$A433,"="&$A5,Concentrado!$B$2:$B433, "=Morelos") -> 30
A6: 2016 | B6: =SUMIFS(Concentrado!C$2:C434,Concentrado!$A$2:$A434,"="&$A6,Concentrado!$B$2:$B434, "=Morelos") -> 1333 | C6: =SUMIFS(Concentrado!D$2:D434,Concentrado!$A$2:$A434,"="&$A6,Concentrado!$B$2:$B434, "=Morelos") -> 1113 | D6: =SUMIFS(Concentrado!E$2:E434,Concentrado!$A$2:$A434,"="&$A6,Concentrado!$B$2:$B434, "=Morelos") -> 885 | E6: =SUMIFS(Concentrado!F$2:F434,Concentrado!$A$2:$A434,"="&$A6,Concentrado!$B$2:$B434, "=Morelos") -> 59 | F6: =SUMIFS(Concentrado!G$2:G434,Concentrado!$A$2:$A434,"="&$A6,Concentrado!$B$2:$B434, "=Morelos") -> 30
A7: 2017 | B7: =SUMIFS(Concentrado!C$2:C435,Concentrado!$A$2:$A435,"="&$A7,Concentrado!$B$2:$B435, "=Morelos") -> 1230 | C7: =SUMIFS(Concentrado!D$2:D435,Concentrado!$A$2:$A435,"="&$A7,Concentrado!$B$2:$B435, "=Morelos") -> 1018 | D7: =SUMIFS(Concentrado!E$2:E435,Concentrado!$A$2:$A435,"="&$A7,Concentrado!$B$2:$B435, "=Morelos") -> 785 | E7: =SUMIFS(Concentrado!F$2:F435,Concentrado!$A$2:$A435,"="&$A7,Concentrado!$B$2:$B435, "=Morelos") -> 49 | F7: =SUMIFS(Concentrado!G$2:G435,Concentrado!$A$2:$A435,"="&$A7,Concentrado!$B$2:$B435, "=Morelos") -> 28
A8: 2018 | B8: =SUMIFS(Concentrado!C$2:C436,Concentrado!$A$2:$A436,"="&$A8,Concentrado!$B$2:$B436, "=Morelos") -> 1308 | C8: =SUMIFS(Concentrado!D$2:D436,Concentrado!$A$2:$A436,"="&$A8,Concentrado!$B$2:$B436, "=Morelos") -> 1047 | D8: =SUMIFS(Concentrado!E$2:E436,Concentrado!$A$2:$A436,"="&$A8,Concentrado!$B$2:$B436, "=Morelos") -> 800 | E8: =SUMIFS(Concentrado!F$2:F436,Concentrado!$A$2:$A436,"="&$A8,Concentrado!$B$2:$B436, "=Morelos") -> 60 | F8: =SUMIFS(Concentrado!G$2:G436,Concentrado!$A$2:$A436,"="&$A8,Concentrado!$B$2:$B436, "=Morelos") -> 30
A9: 2019 | B9: =SUMIFS(Concentrado!C$2:C437,Concentrado!$A$2:$A437,"="&$A9,Concentrado!$B$2:$B437, "=Morelos") -> 1255 | C9: =SUMIFS(Concentrado!D$2:D437,Concentrado!$A$2:$A437,"="&$A9,Concentrado!$B$2:$B437, "=Morelos") -> 1042 | D9: =SUMIFS(Concentrado!E$2:E437,Concentrado!$A$2:$A437,"="&$A9,Concentrado!$B$2:$B437, "=Morelos") -> 743 | E9: =SUMIFS(Concentrado!F$2:F437,Concentrado!$A$2:$A437,"="&$A9,Concentrado!$B$2:$B437, "=Morelos") -> 54 | F9: =SUMIFS(Concentrado!G$2:G437,Concentrado!$A$2:$A437,"="&$A9,Concentrado!$B$2:$B437, "=Morelos") -> 30
A10: 2020 | B10: =SUMIFS(Concentrado!C$2:C438,Concentrado!$A$2:$A438,"="&$A10,Concentrado!$B$2:$B438, "=Morelos") -> 1283 | C10: =SUMIFS(Concentrado!D$2:D438,Concentrado!$A$2:$A438,"="&$A10,Concentrado!$B$2:$B438, "=Morelos") -> 1056 | D10: =SUMIFS(Concentrado!E$2:E438,Concentrado!$A$2:$A438,"="&$A10,Concentrado!$B$2:$B438, "=Morelos") -> 675 | E10: =SUMIFS(Concentrado!F$2:F438,Concentrado!$A$2:$A438,"="&$A10,Concentrado!$B$2:$B438, "=Morelos") -> 55 | F10: =SUMIFS(Concentrado!G$2:G438,Concentrado!$A$2:$A438,"="&$A10,Concentrado!$B$2:$B438, "=Morelos") -> 29
A11: 2021 | B11: =SUMIFS(Concentrado!C$2:C439,Concentrado!$A$2:$A439,"="&$A11,Concentrado!$B$2:$B439, "=Morelos") -> 1375 | C11: =SUMIFS(Concentrado!D$2:D439,Concentrado!$A$2:$A439,"="&$A11,Concentrado!$B$2:$B439, "=Morelos") -> 1068 | D11: =SUMIFS(Concentrado!E$2:E439,Concentrado!$A$2:$A439,"="&$A11,Concentrado!$B$2:$B439, "=Morelos") -> 754 | E11: =SUMIFS(Concentrado!F$2:F439,Concentrado!$A$2:$A439,"="&$A11,Concentrado!$B$2:$B439, "=Morelos") -> 50 | F11: =SUMIFS(Concentrado!G$2:G439,Concentrado!$A$2:$A439,"="&$A11,Concentrado!$B$2:$B439, "=Morelos") -> 31
A12: 2022 | B12: =SUMIFS(Concentrado!C$2:C440,Concentrado!$A$2:$A440,"="&$A12,Concentrado!$B$2:$B440, "=Morelos") -> 1582 | C12: =SUMIFS(Concentrado!D$2:D440,Concentrado!$A$2:$A440,"="&$A12,Concentrado!$B$2:$B440, "=Morelos") -> 1175 | D12: =SUMIFS(Concentrado!E$2:E440,Concentrado!$A$2:$A440,"="&$A12,Concentrado!$B$2:$B440, "=Morelos") -> 768 | E12: =SUMIFS(Concentrado!F$2:F440,Concentrado!$A$2:$A440,"="&$A12,Concentrado!$B$2:$B440, "=Morelos") -> 57 | F12: =SUMIFS(Concentrado!G$2:G440,Concentrado!$A$2:$A440,"="&$A12,Concentrado!$B$2:$B440, "=Morelos") -> 32
A13: 2023 | B13: =SUMIFS(Concentrado!C$2:C441,Concentrado!$A$2:$A441,"="&$A13,Concentrado!$B$2:$B441, "=Morelos") -> 1580 | C13: =SUMIFS(Concentrado!D$2:D441,Concentrado!$A$2:$A441,"="&$A13,Concentrado!$B$2:$B441, "=Morelos") -> 1196 | D13: =SUMIFS(Concentrado!E$2:E441,Concentrado!$A$2:$A441,"="&$A13,Concentrado!$B$2:$B441, "=Morelos") -> 783 | E13: =SUMIFS(Concentrado!F$2:F441,Concentrado!$A$2:$A441,"="&$A13,Concentrado!$B$2:$B441, "=Morelos") -> 61 | F13: =SUMIFS(Concentrado!G$2:G441,Concentrado!$A$2:$A441,"="&$A13,Concentrado!$B$2:$B441, "=Morelos") -> 32
A14: 2024 | B14: =SUMIFS(Concentrado!C$2:C442,Concentrado!$A$2:$A442,"="&$A14,Concentrado!$B$2:$B442, "=Morelos") -> 1605 | C14: =SUMIFS(Concentrado!D$2:D442,Concentrado!$A$2:$A442,"="&$A14,Concentrado!$B$2:$B442, "=Morelos") -> 1221 | D14: =SUMIFS(Concentrado!E$2:E442,Concentrado!$A$2:$A442,"="&$A14,Concentrado!$B$2:$B442, "=Morelos") -> 825 | E14: =SUMIFS(Concentrado!F$2:F442,Concentrado!$A$2:$A442,"="&$A14,Concentrado!$B$2:$B442, "=Morelos") -> 57 | F14: =SUMIFS(Concentrado!G$2:G442,Concentrado!$A$2:$A442,"="&$A14,Concentrado!$B$2:$B442, "=Morelos") -> 32

Sheet NAY
A1: Año | B1: Consultorios | C1: Camas hospitalarias | D1: Camas no hospitalarias | E1: Quirófanos | F1: Salas expulsión
A2: 2012 | B2: =SUMIFS(Concentrado!C$2:C430,Concentrado!$A$2:$A430,"="&$A2,Concentrado!$B$2:$B430, "=Nayarit") -> 908 | C2: =SUMIFS(Concentrado!D$2:D430,Concentrado!$A$2:$A430,"="&$A2,Concentrado!$B$2:$B430, "=Nayarit") -> 727 | D2: =SUMIFS(Concentrado!E$2:E430,Concentrado!$A$2:$A430,"="&$A2,Concentrado!$B$2:$B430, "=Nayarit") -> 820 | E2: =SUMIFS(Concentrado!F$2:F430,Concentrado!$A$2:$A430,"="&$A2,Concentrado!$B$2:$B430, "=Nayarit") -> 36 | F2: =SUMIFS(Concentrado!G$2:G430,Concentrado!$A$2:$A430,"="&$A2,Concentrado!$B$2:$B430, "=Nayarit") -> 27
A3: 2013 | B3: =SUMIFS(Concentrado!C$2:C431,Concentrado!$A$2:$A431,"="&$A3,Concentrado!$B$2:$B431, "=Nayarit") -> 976 | C3: =SUMIFS(Concentrado!D$2:D431,Concentrado!$A$2:$A431,"="&$A3,Concentrado!$B$2:$B431, "=Nayarit") -> 742 | D3: =SUMIFS(Concentrado!E$2:E431,Concentrado!$A$2:$A431,"="&$A3,Concentrado!$B$2:$B431, "=Nayarit") -> 822 | E3: =SUMIFS(Concentrado!F$2:F431,Concentrado!$A$2:$A431,"="&$A3,Concentrado!$B$2:$B431, "=Nayarit") -> 40 | F3: =SUMIFS(Concentrado!G$2:G431,Concentrado!$A$2:$A431,"="&$A3,Concentrado!$B$2:$B431, "=Nayarit") -> 26
A4: 2014 | B4: =SUMIFS(Concentrado!C$2:C432,Concentrado!$A$2:$A432,"="&$A4,Concentrado!$B$2:$B432, "=Nayarit") -> 1009 | C4: =SUMIFS(Concentrado!D$2:D432,Concentrado!$A$2:$A432,"="&$A4,Concentrado!$B$2:$B432, "=Nayarit") -> 732 | D4: =SUMIFS(Concentrado!E$2:E432,Concentrado!$A$2:$A432,"="&$A4,Concentrado!$B$2:$B432, "=Nayarit") -> 821 | E4: =SUMIFS(Concentrado!F$2:F432,Concentrado!$A$2:$A432,"="&$A4,Concentrado!$B$2:$B432, "=Nayarit") -> 39 | F4: =SUMIFS(Concentrado!G$2:G432,Concentrado!$A$2:$A432,"="&$A4,Concentrado!$B$2:$B432, "=Nayarit") -> 25
A5: 2015 | B5: =SUMIFS(Concentrado!C$2:C433,Concentrado!$A$2:$A433,"="&$A5,Concentrado!$B$2:$B433, "=Nayarit") -> 1078 | C5: =SUMIFS(Concentrado!D$2:D433,Concentrado!$A$2:$A433,"="&$A5,Concentrado!$B$2:$B433, "=Nayarit") -> 741 | D5: =SUMIFS(Concentrado!E$2:E433,Concentrado!$A$2:$A433,"="&$A5,Concentrado!$B$2:$B433, "=Nayarit") -> 699 | E5: =SUMIFS(Concentrado!F$2:F433,Concentrado!$A$2:$A433,"="&$A5,Concentrado!$B$2:$B433, "=Nayarit") -> 39 | F5: =SUMIFS(Concentrado!G$2:G433,Concentrado!$A$2:$A433,"="&$A5,Concentrado!$B$2:$B433, "=Nayarit") -> 28
A6: 2016 | B6: =SUMIFS(Concentrado!C$2:C434,Concentrado!$A$2:$A434,"="&$A6,Concentrado!$B$2:$B434, "=Nayarit") -> 1077 | C6: =SUMIFS(Concentrado!D$2:D434,Concentrado!$A$2:$A434,"="&$A6,Concentrado!$B$2:$B434, "=Nayarit") -> 748 | D6: =SUMIFS(Concentrado!E$2:E434,Concentrado!$A$2:$A434,"="&$A6,Concentrado!$B$2:$B434, "=Nayarit") -> 724 | E6: =SUMIFS(Concentrado!F$2:F434,Concentrado!$A$2:$A434,"="&$A6,Concentrado!$B$2:$B434, "=Nayarit") -> 38 | F6: =SUMIFS(Concentrado!G$2:G434,Concentrado!$A$2:$A434,"="&$A6,Concentrado!$B$2:$B434, "=Nayarit") -> 30
A7: 2017 | B7: =SUMIFS(Concentrado!C$2:C435,Concentrado!$A$2:$A435,"="&$A7,Concentrado!$B$2:$B435, "=Nayarit") -> 1022 | C7: =SUMIFS(Concentrado!D$2:D435,Concentrado!$A$2:$A435,"="&$A7,Concentrado!$B$2:$B435, "=Nayarit") -> 704 | D7: =SUMIFS(Concentrado!E$2:E435,Concentrado!$A$2:$A435,"="&$A7,Concentrado!$B$2:$B435, "=Nayarit") -> 696 | E7: =SUMIFS(Concentrado!F$2:F435,Concentrado!$A$2:$A435,"="&$A7,Concentrado!$B$2:$B435, "=Nayarit") -> 37 | F7: =SUMIFS(Concentrado!G$2:G435,Concentrado!$A$2:$A435,"="&$A7,Concentrado!$B$2:$B435, "=Nayarit") -> 24
A8: 2018 | B8: =SUMIFS(Concentrado!C$2:C436,Concentrado!$A$2:$A436,"="&$A8,Concentrado!$B$2:$B436, "=Nayarit") -> 1043 | C8: =SUMIFS(Concentrado!D$2:D436,Concentrado!$A$2:$A436,"="&$A8,Concentrado!$B$2:$B436, "=Nayarit") -> 714 | D8: =SUMIFS(Concentrado!E$2:E436,Concentrado!$A$2:$A436,"="&$A8,Concentrado!$B$2:$B436, "=Nayarit") -> 752 | E8: =SUMIFS(Concentrado!F$2:F436,Concentrado!$A$2:$A436,"="&$A8,Concentrado!$B$2:$B436, "=Nayarit") -> 38 | F8: =SUMIFS(Concentrado!G$2:G436,Concentrado!$A$2:$A436,"="&$A8,Concentrado!$B$2:$B436, "=Nayarit") -> 24
A9: 2019 | B9: =SUMIFS(Concentrado!C$2:C437,Concentrado!$A$2:$A437,"="&$A9,Concentrado!$B$2:$B437, "=Nayarit") -> 995 | C9: =SUMIFS(Concentrado!D$2:D437,Concentrado!$A$2:$A437,"="&$A9,Concentrado!$B$2:$B437, "=Nayarit") -> 689 | D9: =SUMIFS(Concentrado!E$2:E437,Concentrado!$A$2:$A437,"="&$A9,Concentrado!$B$2:$B437, "=Nayarit") -> 722 | E9: =SUMIFS(Concentrado!F$2:F437,Concentrado!$A$2:$A437,"="&$A9,Concentrado!$B$2:$B437, "=Nayarit") -> 37 | F9: =SUMIFS(Concentrado!G$2:G437,Concentrado!$A$2:$A437,"="&$A9,Concentrado!$B$2:$B437, "=Nayarit") -> 21
A10: 2020 | B10: =SUMIFS(Concentrado!C$2:C438,Concentrado!$A$2:$A438,"="&$A10,Concentrado!$B$2:$B438, "=Nayarit") -> 1118 | C10: =SUMIFS(Concentrado!D$2:D438,Concentrado!$A$2:$A438,"="&$A10,Concentrado!$B$2:$B438, "=Nayarit") -> 718 | D10: =SUMIFS(Concentrado!E$2:E438,Concentrado!$A$2:$A438,"="&$A10,Concentrado!$B$2:$B438, "=Nayarit") -> 660 | E10: =SUMIFS(Concentrado!F$2:F438,Concentrado!$A$2:$A438,"="&$A10,Concentrado!$B$2:$B438, "=Nayarit") -> 33 | F10: =SUMIFS(Concentrado!G$2:G438,Concentrado!$A$2:$A438,"="&$A10,Concentrado!$B$2:$B438, "=Nayarit") -> 23
A11: 2021 | B11: =SUMIFS(Concentrado!C$2:C439,Concentrado!$A$2:$A439,"="&$A11,Concentrado!$B$2:$B439, "=Nayarit") -> 1107 | C11: =SUMIFS(Concentrado!D$2:D439,Concentrado!$A$2:$A439,"="&$A11,Concentrado!$B$2:$B439, "=Nayarit") -> 891 | D11: =SUMIFS(Concentrado!E$2:E439,Concentrado!$A$2:$A439,"="&$A11,Concentrado!$B$2:$B439, "=Nayarit") -> 720 | E11: =SUMIFS(Concentrado!F$2:F439,Concentrado!$A$2:$A439,"="&$A11,Concentrado!$B$2:$B439, "=Nayarit") -> 42 | F11: =SUMIFS(Concentrado!G$2:G439,Concentrado!$A$2:$A439,"="&$A11,Concentrado!$B$2:$B439, "=Nayarit") -> 24
A12: 2022 | B12: =SUMIFS(Concentrado!C$2:C440,Concentrado!$A$2:$A440,"="&$A12,Concentrado!$B$2:$B440, "=Nayarit") -> 1160 | C12: =SUMIFS(Concentrado!D$2:D440,Concentrado!$A$2:$A440,"="&$A12,Concentrado!$B$2:$B440, "=Nayarit") -> 907 | D12: =SUMIFS(Concentrado!E$2:E440,Concentrado!$A$2:$A440,"="&$A12,Concentrado!$B$2:$B440, "=Nayarit") -> 720 | E12: =SUMIFS(Concentrado!F$2:F440,Concentrado!$A$2:$A440,"="&$A12,Concentrado!$B$2:$B440, "=Nayarit") -> 55 | F12: =SUMIFS(Concentrado!G$2:G440,Concentrado!$A$2:$A440,"="&$A12,Concentrado!$B$2:$B440, "=Nayarit") -> 28
A13: 2023 | B13: =SUMIFS(Concentrado!C$2:C441,Concentrado!$A$2:$A441,"="&$A13,Concentrado!$B$2:$B441, "=Nayarit") -> 1219 | C13: =SUMIFS(Concentrado!D$2:D441,Concentrado!$A$2:$A441,"="&$A13,Concentrado!$B$2:$B441, "=Nayarit") -> 992 | D13: =SUMIFS(Concentrado!E$2:E441,Concentrado!$A$2:$A441,"="&$A13,Concentrado!$B$2:$B441, "=Nayarit") -> 789 | E13: =SUMIFS(Concentrado!F$2:F441,Concentrado!$A$2:$A441,"="&$A13,Concentrado!$B$2:$B441, "=Nayarit") -> 55 | F13: =SUMIFS(Concentrado!G$2:G441,Concentrado!$A$2:$A441,"="&$A13,Concentrado!$B$2:$B441, "=Nayarit") -> 26
A14: 2024 | B14: =SUMIFS(Concentrado!C$2:C442,Concentrado!$A$2:$A442,"="&$A14,Concentrado!$B$2:$B442, "=Nayarit") -> 1296 | C14: =SUMIFS(Concentrado!D$2:D442,Concentrado!$A$2:$A442,"="&$A14,Concentrado!$B$2:$B442, "=Nayarit") -> 1052 | D14: =SUMIFS(Concentrado!E$2:E442,Concentrado!$A$2:$A442,"="&$A14,Concentrado!$B$2:$B442, "=Nayarit") -> 851 | E14: =SUMIFS(Concentrado!F$2:F442,Concentrado!$A$2:$A442,"="&$A14,Concentrado!$B$2:$B442, "=Nayarit") -> 62 | F14: =SUMIFS(Concentrado!G$2:G442,Concentrado!$A$2:$A442,"="&$A14,Concentrado!$B$2:$B442, "=Nayarit") -> 35

Sheet NL
A1: Año | B1: Consultorios | C1: Camas hospitalarias | D1: Camas no hospitalarias | E1: Quirófanos | F1: Salas expulsión
A2: 2012 | B2: =SUMIFS(Concentrado!C$2:C430,Concentrado!$A$2:$A430,"="&$A2,Concentrado!$B$2:$B430, "=Nuevo León") -> 2436 | C2: =SUMIFS(Concentrado!D$2:D430,Concentrado!$A$2:$A430,"="&$A2,Concentrado!$B$2:$B430, "=Nuevo León") -> 3442 | D2: =SUMIFS(Concentrado!E$2:E430,Concentrado!$A$2:$A430,"="&$A2,Concentrado!$B$2:$B430, "=Nuevo León") -> 1468 | E2: =SUMIFS(Concentrado!F$2:F430,Concentrado!$A$2:$A430,"="&$A2,Concentrado!$B$2:$B430, "=Nuevo León") -> 123 | F2: =SUMIFS(Concentrado!G$2:G430,Concentrado!$A$2:$A430,"="&$A2,Concentrado!$B$2:$B430, "=Nuevo León") -> 38
A3: 2013 | B3: =SUMIFS(Concentrado!C$2:C431,Concentrado!$A$2:$A431,"="&$A3,Concentrado!$B$2:$B431, "=Nuevo León") -> 3017 | C3: =SUMIFS(Concentrado!D$2:D431,Concentrado!$A$2:$A431,"="&$A3,Concentrado!$B$2:$B431, "=Nuevo León") -> 4077 | D3: =SUMIFS(Concentrado!E$2:E431,Concentrado!$A$2:$A431,"="&$A3,Concentrado!$B$2:$B431, "=Nuevo León") -> 2073 | E3: =SUMIFS(Concentrado!F$2:F431,Concentrado!$A$2:$A431,"="&$A3,Concentrado!$B$2:$B431, "=Nuevo León") -> 164 | F3: =SUMIFS(Concentrado!G$2:G431,Concentrado!$A$2:$A431,"="&$A3,Concentrado!$B$2:$B431, "=Nuevo León") -> 40
A4: 2014 | B4: =SUMIFS(Concentrado!C$2:C432,Concentrado!$A$2:$A432,"="&$A4,Concentrado!$B$2:$B432, "=Nuevo León") -> 3072 | C4: =SUMIFS(Concentrado!D$2:D432,Concentrado!$A$2:$A432,"="&$A4,Concentrado!$B$2:$B432, "=Nuevo León") -> 4172 | D4: =SUMIFS(Concentrado!E$2:E432,Concentrado!$A$2:$A432,"="&$A4,Concentrado!$B$2:$B432, "=Nuevo León") -> 2415 | E4: =SUMIFS(Concentrado!F$2:F432,Concentrado!$A$2:$A432,"="&$A4,Concentrado!$B$2:$B432, "=Nuevo León") -> 174 | F4: =SUMIFS(Concentrado!G$2:G432,Concentrado!$A$2:$A432,"="&$A4,Concentrado!$B$2:$B432, "=Nuevo León") -> 41
A5: 2015 | B5: =SUMIFS(Concentrado!C$2:C433,Concentrado!$A$2:$A433,"="&$A5,Concentrado!$B$2:$B433, "=Nuevo León") -> 3117 | C5: =SUMIFS(Concentrado!D$2:D433,Concentrado!$A$2:$A433,"="&$A5,Concentrado!$B$2:$B433, "=Nuevo León") -> 4153 | D5: =SUMIFS(Concentrado!E$2:E433,Concentrado!$A$2:$A433,"="&$A5,Concentrado!$B$2:$B433, "=Nuevo León") -> 2174 | E5: =SUMIFS(Concentrado!F$2:F433,Concentrado!$A$2:$A433,"="&$A5,Concentrado!$B$2:$B433, "=Nuevo León") -> 167 | F5: =SUMIFS(Concentrado!G$2:G433,Concentrado!$A$2:$A433,"="&$A5,Concentrado!$B$2:$B433, "=Nuevo León") -> 42
A6: 2016 | B6: =SUMIFS(Concentrado!C$2:C434,Concentrado!$A$2:$A434,"="&$A6,Concentrado!$B$2:$B434, "=Nuevo León") -> 3084 | C6: =SUMIFS(Concentrado!D$2:D434,Concentrado!$A$2:$A434,"="&$A6,Concentrado!$B$2:$B434, "=Nuevo León") -> 4153 | D6: =SUMIFS(Concentrado!E$2:E434,Concentrado!$A$2:$A434,"="&$A6,Concentrado!$B$2:$B434, "=Nuevo León") -> 2216 | E6: =SUMIFS(Concentrado!F$2:F434,Concentrado!$A$2:$A434,"="&$A6,Concentrado!$B$2:$B434, "=Nuevo León") -> 166 | F6: =SUMIFS(Concentrado!G$2:G434,Concentrado!$A$2:$A434,"="&$A6,Concentrado!$B$2:$B434, "=Nuevo León") -> 36
A7: 2017 | B7: =SUMIFS(Concentrado!C$2:C435,Concentrado!$A$2:$A435,"="&$A7,Concentrado!$B$2:$B435, "=Nuevo León") -> 3073 | C7: =SUMIFS(Concentrado!D$2:D435,Concentrado!$A$2:$A435,"="&$A7,Concentrado!$B$2:$B435, "=Nuevo León") -> 4163 | D7: =SUMIFS(Concentrado!E$2:E435,Concentrado!$A$2:$A435,"="&$A7,Concentrado!$B$2:$B435, "=Nuevo León") -> 1677 | E7: =SUMIFS(Concentrado!F$2:F435,Concentrado!$A$2:$A435,"="&$A7,Concentrado!$B$2:$B435, "=Nuevo León") -> 169 | F7: =SUMIFS(Concentrado!G$2:G435,Concentrado!$A$2:$A435,"="&$A7,Concentrado!$B$2:$B435, "=Nuevo León") -> 34
A8: 2018 | B8: =SUMIFS(Concentrado!C$2:C436,Concentrado!$A$2:$A436,"="&$A8,Concentrado!$B$2:$B436, "=Nuevo León") -> 3295 | C8: =SUMIFS(Concentrado!D$2:D436,Concentrado!$A$2:$A436,"="&$A8,Concentrado!$B$2:$B436, "=Nuevo León") -> 4077 | D8: =SUMIFS(Concentrado!E$2:E436,Concentrado!$A$2:$A436,"="&$A8,Concentrado!$B$2:$B436, "=Nuevo León") -> 1536 | E8: =SUMIFS(Concentrado!F$2:F436,Concentrado!$A$2:$A436,"="&$A8,Concentrado!$B$2:$B436, "=Nuevo León") -> 172 | F8: =SUMIFS(Concentrado!G$2:G436,Concentrado!$A$2:$A436,"="&$A8,Concentrado!$B$2:$B436, "=Nuevo León") -> 37
A9: 2019 | B9: =SUMIFS(Concentrado!C$2:C437,Concentrado!$A$2:$A437,"="&$A9,Concentrado!$B$2:$B437, "=Nuevo León") -> 3286 | C9: =SUMIFS(Concentrado!D$2:D437,Concentrado!$A$2:$A437,"="&$A9,Concentrado!$B$2:$B437, "=Nuevo León") -> 4083 | D9: =SUMIFS(Concentrado!E$2:E437,Concentrado!$A$2:$A437,"="&$A9,Concentrado!$B$2:$B437, "=Nuevo León") -> 1564 | E9: =SUMIFS(Concentrado!F$2:F437,Concentrado!$A$2:$A437,"="&$A9,Concentrado!$B$2:$B437, "=Nuevo León") -> 180 | F9: =SUMIFS(Concentrado!G$2:G437,Concentrado!$A$2:$A437,"="&$A9,Concentrado!$B$2:$B437, "=Nuevo León") -> 39
A10: 2020 | B10: =SUMIFS(Concentrado!C$2:C438,Concentrado!$A$2:$A438,"="&$A10,Concentrado!$B$2:$B438, "=Nuevo León") -> 3269 | C10: =SUMIFS(Concentrado!D$2:D438,Concentrado!$A$2:$A438,"="&$A10,Concentrado!$B$2:$B438, "=Nuevo León") -> 4102 | D10: =SUMIFS(Concentrado!E$2:E438,Concentrado!$A$2:$A438,"="&$A10,Concentrado!$B$2:$B438, "=Nuevo León") -> 1761 | E10: =SUMIFS(Concentrado!F$2:F438,Concentrado!$A$2:$A438,"="&$A10,Concentrado!$B$2:$B438, "=Nuevo León") -> 185 | F10: =SUMIFS(Concentrado!G$2:G438,Concentrado!$A$2:$A438,"="&$A10,Concentrado!$B$2:$B438, "=Nuevo León") -> 39
A11: 2021 | B11: =SUMIFS(Concentrado!C$2:C439,Concentrado!$A$2:$A439,"="&$A11,Concentrado!$B$2:$B439, "=Nuevo León") -> 3327 | C11: =SUMIFS(Concentrado!D$2:D439,Concentrado!$A$2:$A439,"="&$A11,Concentrado!$B$2:$B439, "=Nuevo León") -> 4190 | D11: =SUMIFS(Concentrado!E$2:E439,Concentrado!$A$2:$A439,"="&$A11,Concentrado!$B$2:$B439, "=Nuevo León") -> 1748 | E11: =SUMIFS(Concentrado!F$2:F439,Concentrado!$A$2:$A439,"="&$A11,Concentrado!$B$2:$B439, "=Nuevo León") -> 191 | F11: =SUMIFS(Concentrado!G$2:G439,Concentrado!$A$2:$A439,"="&$A11,Concentrado!$B$2:$B439, "=Nuevo León") -> 39
A12: 2022 | B12: =SUMIFS(Concentrado!C$2:C440,Concentrado!$A$2:$A440,"="&$A12,Concentrado!$B$2:$B440, "=Nuevo León") -> 3386 | C12: =SUMIFS(Concentrado!D$2:D440,Concentrado!$A$2:$A440,"="&$A12,Concentrado!$B$2:$B440, "=Nuevo León") -> 4209 | D12: =SUMIFS(Concentrado!E$2:E440,Concentrado!$A$2:$A440,"="&$A12,Concentrado!$B$2:$B440, "=Nuevo León") -> 1772 | E12: =SUMIFS(Concentrado!F$2:F440,Concentrado!$A$2:$A440,"="&$A12,Concentrado!$B$2:$B440, "=Nuevo León") -> 193 | F12: =SUMIFS(Concentrado!G$2:G440,Concentrado!$A$2:$A440,"="&$A12,Concentrado!$B$2:$B440, "=Nuevo León") -> 38
A13: 2023 | B13: =SUMIFS(Concentrado!C$2:C441,Concentrado!$A$2:$A441,"="&$A13,Concentrado!$B$2:$B441, "=Nuevo León") -> 3431 | C13: =SUMIFS(Concentrado!D$2:D441,Concentrado!$A$2:$A441,"="&$A13,Concentrado!$B$2:$B441, "=Nuevo León") -> 4326 | D13: =SUMIFS(Concentrado!E$2:E441,Concentrado!$A$2:$A441,"="&$A13,Concentrado!$B$2:$B441, "=Nuevo León") -> 1811 | E13: =SUMIFS(Concentrado!F$2:F441,Concentrado!$A$2:$A441,"="&$A13,Concentrado!$B$2:$B441, "=Nuevo León") -> 188 | F13: =SUMIFS(Concentrado!G$2:G441,Concentrado!$A$2:$A441,"="&$A13,Concentrado!$B$2:$B441, "=Nuevo León") -> 39
A14: 2024 | B14: =SUMIFS(Concentrado!C$2:C442,Concentrado!$A$2:$A442,"="&$A14,Concentrado!$B$2:$B442, "=Nuevo León") -> 3480 | C14: =SUMIFS(Concentrado!D$2:D442,Concentrado!$A$2:$A442,"="&$A14,Concentrado!$B$2:$B442, "=Nuevo León") -> 4375 | D14: =SUMIFS(Concentrado!E$2:E442,Concentrado!$A$2:$A442,"="&$A14,Concentrado!$B$2:$B442, "=Nuevo León") -> 1947 | E14: =SUMIFS(Concentrado!F$2:F442,Concentrado!$A$2:$A442,"="&$A14,Concentrado!$B$2:$B442, "=Nuevo León") -> 191 | F14: =SUMIFS(Concentrado!G$2:G442,Concentrado!$A$2:$A442,"="&$A14,Concentrado!$B$2:$B442, "=Nuevo León") -> 39

Sheet OAX
A1: Año | B1: Consultorios | C1: Camas hospitalarias | D1: Camas no hospitalarias | E1: Quirófanos | F1: Salas expulsión
A2: 2012 | B2: =SUMIFS(Concentrado!C$2:C430,Concentrado!$A$2:$A430,"="&$A2,Concentrado!$B$2:$B430, "=Oaxaca") -> 2731 | C2: =SUMIFS(Concentrado!D$2:D430,Concentrado!$A$2:$A430,"="&$A2,Concentrado!$B$2:$B430, "=Oaxaca") -> 2088 | D2: =SUMIFS(Concentrado!E$2:E430,Concentrado!$A$2:$A430,"="&$A2,Concentrado!$B$2:$B430, "=Oaxaca") -> 2797 | E2: =SUMIFS(Concentrado!F$2:F430,Concentrado!$A$2:$A430,"="&$A2,Concentrado!$B$2:$B430, "=Oaxaca") -> 97 | F2: =SUMIFS(Concentrado!G$2:G430,Concentrado!$A$2:$A430,"="&$A2,Concentrado!$B$2:$B430, "=Oaxaca") -> 104
A3: 2013 | B3: =SUMIFS(Concentrado!C$2:C431,Concentrado!$A$2:$A431,"="&$A3,Concentrado!$B$2:$B431, "=Oaxaca") -> 2828 | C3: =SUMIFS(Concentrado!D$2:D431,Concentrado!$A$2:$A431,"="&$A3,Concentrado!$B$2:$B431, "=Oaxaca") -> 2185 | D3: =SUMIFS(Concentrado!E$2:E431,Concentrado!$A$2:$A431,"="&$A3,Concentrado!$B$2:$B431, "=Oaxaca") -> 2954 | E3: =SUMIFS(Concentrado!F$2:F431,Concentrado!$A$2:$A431,"="&$A3,Concentrado!$B$2:$B431, "=Oaxaca") -> 104 | F3: =SUMIFS(Concentrado!G$2:G431,Concentrado!$A$2:$A431,"="&$A3,Concentrado!$B$2:$B431, "=Oaxaca") -> 109
A4: 2014 | B4: =SUMIFS(Concentrado!C$2:C432,Concentrado!$A$2:$A432,"="&$A4,Concentrado!$B$2:$B432, "=Oaxaca") -> 2908 | C4: =SUMIFS(Concentrado!D$2:D432,Concentrado!$A$2:$A432,"="&$A4,Concentrado!$B$2:$B432, "=Oaxaca") -> 2263 | D4: =SUMIFS(Concentrado!E$2:E432,Concentrado!$A$2:$A432,"="&$A4,Concentrado!$B$2:$B432, "=Oaxaca") -> 3272 | E4: =SUMIFS(Concentrado!F$2:F432,Concentrado!$A$2:$A432,"="&$A4,Concentrado!$B$2:$B432, "=Oaxaca") -> 105 | F4: =SUMIFS(Concentrado!G$2:G432,Concentrado!$A$2:$A432,"="&$A4,Concentrado!$B$2:$B432, "=Oaxaca") -> 110
A5: 2015 | B5: =SUMIFS(Concentrado!C$2:C433,Concentrado!$A$2:$A433,"="&$A5,Concentrado!$B$2:$B433, "=Oaxaca") -> 2877 | C5: =SUMIFS(Concentrado!D$2:D433,Concentrado!$A$2:$A433,"="&$A5,Concentrado!$B$2:$B433, "=Oaxaca") -> 2199 | D5: =SUMIFS(Concentrado!E$2:E433,Concentrado!$A$2:$A433,"="&$A5,Concentrado!$B$2:$B433, "=Oaxaca") -> 2848 | E5: =SUMIFS(Concentrado!F$2:F433,Concentrado!$A$2:$A433,"="&$A5,Concentrado!$B$2:$B433, "=Oaxaca") -> 104 | F5: =SUMIFS(Concentrado!G$2:G433,Concentrado!$A$2:$A433,"="&$A5,Concentrado!$B$2:$B433, "=Oaxaca") -> 116
A6: 2016 | B6: =SUMIFS(Concentrado!C$2:C434,Concentrado!$A$2:$A434,"="&$A6,Concentrado!$B$2:$B434, "=Oaxaca") -> 2974 | C6: =SUMIFS(Concentrado!D$2:D434,Concentrado!$A$2:$A434,"="&$A6,Concentrado!$B$2:$B434, "=Oaxaca") -> 2295 | D6: =SUMIFS(Concentrado!E$2:E434,Concentrado!$A$2:$A434,"="&$A6,Concentrado!$B$2:$B434, "=Oaxaca") -> 2879 | E6: =SUMIFS(Concentrado!F$2:F434,Concentrado!$A$2:$A434,"="&$A6,Concentrado!$B$2:$B434, "=Oaxaca") -> 106 | F6: =SUMIFS(Concentrado!G$2:G434,Concentrado!$A$2:$A434,"="&$A6,Concentrado!$B$2:$B434, "=Oaxaca") -> 74
A7: 2017 | B7: =SUMIFS(Concentrado!C$2:C435,Concentrado!$A$2:$A435,"="&$A7,Concentrado!$B$2:$B435, "=Oaxaca") -> 3091 | C7: =SUMIFS(Concentrado!D$2:D435,Concentrado!$A$2:$A435,"="&$A7,Concentrado!$B$2:$B435, "=Oaxaca") -> 2355 | D7: =SUMIFS(Concentrado!E$2:E435,Concentrado!$A$2:$A435,"="&$A7,Concentrado!$B$2:$B435, "=Oaxaca") -> 2963 | E7: =SUMIFS(Concentrado!F$2:F435,Concentrado!$A$2:$A435,"="&$A7,Concentrado!$B$2:$B435, "=Oaxaca") -> 110 | F7: =SUMIFS(Concentrado!G$2:G435,Concentrado!$A$2:$A435,"="&$A7,Concentrado!$B$2:$B435, "=Oaxaca") -> 84
A8: 2018 | B8: =SUMIFS(Concentrado!C$2:C436,Concentrado!$A$2:$A436,"="&$A8,Concentrado!$B$2:$B436, "=Oaxaca") -> 3128 | C8: =SUMIFS(Concentrado!D$2:D436,Concentrado!$A$2:$A436,"="&$A8,Concentrado!$B$2:$B436, "=Oaxaca") -> 2352 | D8: =SUMIFS(Concentrado!E$2:E436,Concentrado!$A$2:$A436,"="&$A8,Concentrado!$B$2:$B436, "=Oaxaca") -> 3020 | E8: =SUMIFS(Concentrado!F$2:F436,Concentrado!$A$2:$A436,"="&$A8,Concentrado!$B$2:$B436, "=Oaxaca") -> 116 | F8: =SUMIFS(Concentrado!G$2:G436,Concentrado!$A$2:$A436,"="&$A8,Concentrado!$B$2:$B436, "=Oaxaca") -> 85
A9: 2019 | B9: =SUMIFS(Concentrado!C$2:C437,Concentrado!$A$2:$A437,"="&$A9,Concentrado!$B$2:$B437, "=Oaxaca") -> 3006 | C9: =SUMIFS(Concentrado!D$2:D437,Concentrado!$A$2:$A437,"="&$A9,Concentrado!$B$2:$B437, "=Oaxaca") -> 2399 | D9: =SUMIFS(Concentrado!E$2:E437,Concentrado!$A$2:$A437,"="&$A9,Concentrado!$B$2:$B437, "=Oaxaca") -> 2579 | E9: =SUMIFS(Concentrado!F$2:F437,Concentrado!$A$2:$A437,"="&$A9,Concentrado!$B$2:$B437, "=Oaxaca") -> 115 | F9: =SUMIFS(Concentrado!G$2:G437,Concentrado!$A$2:$A437,"="&$A9,Concentrado!$B$2:$B437, "=Oaxaca") -> 85
A10: 2020 | B10: =SUMIFS(Concentrado!C$2:C438,Concentrado!$A$2:$A438,"="&$A10,Concentrado!$B$2:$B438, "=Oaxaca") -> 3106 | C10: =SUMIFS(Concentrado!D$2:D438,Concentrado!$A$2:$A438,"="&$A10,Concentrado!$B$2:$B438, "=Oaxaca") -> 2221 | D10: =SUMIFS(Concentrado!E$2:E438,Concentrado!$A$2:$A438,"="&$A10,Concentrado!$B$2:$B438, "=Oaxaca") -> 2540 | E10: =SUMIFS(Concentrado!F$2:F438,Concentrado!$A$2:$A438,"="&$A10,Concentrado!$B$2:$B438, "=Oaxaca") -> 116 | F10: =SUMIFS(Concentrado!G$2:G438,Concentrado!$A$2:$A438,"="&$A10,Concentrado!$B$2:$B438, "=Oaxaca") -> 122
A11: 2021 | B11: =SUMIFS(Concentrado!C$2:C439,Concentrado!$A$2:$A439,"="&$A11,Concentrado!$B$2:$B439, "=Oaxaca") -> 3149 | C11: =SUMIFS(Concentrado!D$2:D439,Concentrado!$A$2:$A439,"="&$A11,Concentrado!$B$2:$B439, "=Oaxaca") -> 2278 | D11: =SUMIFS(Concentrado!E$2:E439,Concentrado!$A$2:$A439,"="&$A11,Concentrado!$B$2:$B439, "=Oaxaca") -> 2476 | E11: =SUMIFS(Concentrado!F$2:F439,Concentrado!$A$2:$A439,"="&$A11,Concentrado!$B$2:$B439, "=Oaxaca") -> 117 | F11: =SUMIFS(Concentrado!G$2:G439,Concentrado!$A$2:$A439,"="&$A11,Concentrado!$B$2:$B439, "=Oaxaca") -> 110
A12: 2022 | B12: =SUMIFS(Concentrado!C$2:C440,Concentrado!$A$2:$A440,"="&$A12,Concentrado!$B$2:$B440, "=Oaxaca") -> 3137 | C12: =SUMIFS(Concentrado!D$2:D440,Concentrado!$A$2:$A440,"="&$A12,Concentrado!$B$2:$B440, "=Oaxaca") -> 2124 | D12: =SUMIFS(Concentrado!E$2:E440,Concentrado!$A$2:$A440,"="&$A12,Concentrado!$B$2:$B440, "=Oaxaca") -> 1232 | E12: =SUMIFS(Concentrado!F$2:F440,Concentrado!$A$2:$A440,"="&$A12,Concentrado!$B$2:$B440, "=Oaxaca") -> 105 | F12: =SUMIFS(Concentrado!G$2:G440,Concentrado!$A$2:$A440,"="&$A12,Concentrado!$B$2:$B440, "=Oaxaca") -> 82
A13: 2023 | B13: =SUMIFS(Concentrado!C$2:C441,Concentrado!$A$2:$A441,"="&$A13,Concentrado!$B$2:$B441, "=Oaxaca") -> 3204 | C13: =SUMIFS(Concentrado!D$2:D441,Concentrado!$A$2:$A441,"="&$A13,Concentrado!$B$2:$B441, "=Oaxaca") -> 2255 | D13: =SUMIFS(Concentrado!E$2:E441,Concentrado!$A$2:$A441,"="&$A13,Concentrado!$B$2:$B441, "=Oaxaca") -> 1486 | E13: =SUMIFS(Concentrado!F$2:F441,Concentrado!$A$2:$A441,"="&$A13,Concentrado!$B$2:$B441, "=Oaxaca") -> 109 | F13: =SUMIFS(Concentrado!G$2:G441,Concentrado!$A$2:$A441,"="&$A13,Concentrado!$B$2:$B441, "=Oaxaca") -> 81
A14: 2024 | B14: =SUMIFS(Concentrado!C$2:C442,Concentrado!$A$2:$A442,"="&$A14,Concentrado!$B$2:$B442, "=Oaxaca") -> 3111 | C14: =SUMIFS(Concentrado!D$2:D442,Concentrado!$A$2:$A442,"="&$A14,Concentrado!$B$2:$B442, "=Oaxaca") -> 2211 | D14: =SUMIFS(Concentrado!E$2:E442,Concentrado!$A$2:$A442,"="&$A14,Concentrado!$B$2:$B442, "=Oaxaca") -> 1512 | E14: =SUMIFS(Concentrado!F$2:F442,Concentrado!$A$2:$A442,"="&$A14,Concentrado!$B$2:$B442, "=Oaxaca") -> 109 | F14: =SUMIFS(Concentrado!G$2:G442,Concentrado!$A$2:$A442,"="&$A14,Concentrado!$B$2:$B442, "=Oaxaca") -> 82

Sheet PUE
A1: Año | B1: Consultorios | C1: Camas hospitalarias | D1: Camas no hospitalarias | E1: Quirófanos | F1: Salas expulsión
A2: 2012 | B2: =SUMIFS(Concentrado!C$2:C430,Concentrado!$A$2:$A430,"="&$A2,Concentrado!$B$2:$B430, "=Puebla") -> 2972 | C2: =SUMIFS(Concentrado!D$2:D430,Concentrado!$A$2:$A430,"="&$A2,Concentrado!$B$2:$B430, "=Puebla") -> 3624 | D2: =SUMIFS(Concentrado!E$2:E430,Concentrado!$A$2:$A430,"="&$A2,Concentrado!$B$2:$B430, "=Puebla") -> 3180 | E2: =SUMIFS(Concentrado!F$2:F430,Concentrado!$A$2:$A430,"="&$A2,Concentrado!$B$2:$B430, "=Puebla") -> 161 | F2: =SUMIFS(Concentrado!G$2:G430,Concentrado!$A$2:$A430,"="&$A2,Concentrado!$B$2:$B430, "=Puebla") -> 111
A3: 2013 | B3: =SUMIFS(Concentrado!C$2:C431,Concentrado!$A$2:$A431,"="&$A3,Concentrado!$B$2:$B431, "=Puebla") -> 3042 | C3: =SUMIFS(Concentrado!D$2:D431,Concentrado!$A$2:$A431,"="&$A3,Concentrado!$B$2:$B431, "=Puebla") -> 3512 | D3: =SUMIFS(Concentrado!E$2:E431,Concentrado!$A$2:$A431,"="&$A3,Concentrado!$B$2:$B431, "=Puebla") -> 3413 | E3: =SUMIFS(Concentrado!F$2:F431,Concentrado!$A$2:$A431,"="&$A3,Concentrado!$B$2:$B431, "=Puebla") -> 172 | F3: =SUMIFS(Concentrado!G$2:G431,Concentrado!$A$2:$A431,"="&$A3,Concentrado!$B$2:$B431, "=Puebla") -> 198
A4: 2014 | B4: =SUMIFS(Concentrado!C$2:C432,Concentrado!$A$2:$A432,"="&$A4,Concentrado!$B$2:$B432, "=Puebla") -> 3559 | C4: =SUMIFS(Concentrado!D$2:D432,Concentrado!$A$2:$A432,"="&$A4,Concentrado!$B$2:$B432, "=Puebla") -> 3997 | D4: =SUMIFS(Concentrado!E$2:E432,Concentrado!$A$2:$A432,"="&$A4,Concentrado!$B$2:$B432, "=Puebla") -> 3894 | E4: =SUMIFS(Concentrado!F$2:F432,Concentrado!$A$2:$A432,"="&$A4,Concentrado!$B$2:$B432, "=Puebla") -> 199 | F4: =SUMIFS(Concentrado!G$2:G432,Concentrado!$A$2:$A432,"="&$A4,Concentrado!$B$2:$B432, "=Puebla") -> 217
A5: 2015 | B5: =SUMIFS(Concentrado!C$2:C433,Concentrado!$A$2:$A433,"="&$A5,Concentrado!$B$2:$B433, "=Puebla") -> 3624 | C5: =SUMIFS(Concentrado!D$2:D433,Concentrado!$A$2:$A433,"="&$A5,Concentrado!$B$2:$B433, "=Puebla") -> 3966 | D5: =SUMIFS(Concentrado!E$2:E433,Concentrado!$A$2:$A433,"="&$A5,Concentrado!$B$2:$B433, "=Puebla") -> 3459 | E5: =SUMIFS(Concentrado!F$2:F433,Concentrado!$A$2:$A433,"="&$A5,Concentrado!$B$2:$B433, "=Puebla") -> 210 | F5: =SUMIFS(Concentrado!G$2:G433,Concentrado!$A$2:$A433,"="&$A5,Concentrado!$B$2:$B433, "=Puebla") -> 233
A6: 2016 | B6: =SUMIFS(Concentrado!C$2:C434,Concentrado!$A$2:$A434,"="&$A6,Concentrado!$B$2:$B434, "=Puebla") -> 3639 | C6: =SUMIFS(Concentrado!D$2:D434,Concentrado!$A$2:$A434,"="&$A6,Concentrado!$B$2:$B434, "=Puebla") -> 4090 | D6: =SUMIFS(Concentrado!E$2:E434,Concentrado!$A$2:$A434,"="&$A6,Concentrado!$B$2:$B434, "=Puebla") -> 3411 | E6: =SUMIFS(Concentrado!F$2:F434,Concentrado!$A$2:$A434,"="&$A6,Concentrado!$B$2:$B434, "=Puebla") -> 207 | F6: =SUMIFS(Concentrado!G$2:G434,Concentrado!$A$2:$A434,"="&$A6,Concentrado!$B$2:$B434, "=Puebla") -> 247
A7: 2017 | B7: =SUMIFS(Concentrado!C$2:C435,Concentrado!$A$2:$A435,"="&$A7,Concentrado!$B$2:$B435, "=Puebla") -> 3660 | C7: =SUMIFS(Concentrado!D$2:D435,Concentrado!$A$2:$A435,"="&$A7,Concentrado!$B$2:$B435, "=Puebla") -> 4098 | D7: =SUMIFS(Concentrado!E$2:E435,Concentrado!$A$2:$A435,"="&$A7,Concentrado!$B$2:$B435, "=Puebla") -> 3534 | E7: =SUMIFS(Concentrado!F$2:F435,Concentrado!$A$2:$A435,"="&$A7,Concentrado!$B$2:$B435, "=Puebla") -> 236 | F7: =SUMIFS(Concentrado!G$2:G435,Concentrado!$A$2:$A435,"="&$A7,Concentrado!$B$2:$B435, "=Puebla") -> 196
A8: 2018 | B8: =SUMIFS(Concentrado!C$2:C436,Concentrado!$A$2:$A436,"="&$A8,Concentrado!$B$2:$B436, "=Puebla") -> 3599 | C8: =SUMIFS(Concentrado!D$2:D436,Concentrado!$A$2:$A436,"="&$A8,Concentrado!$B$2:$B436, "=Puebla") -> 4012 | D8: =SUMIFS(Concentrado!E$2:E436,Concentrado!$A$2:$A436,"="&$A8,Concentrado!$B$2:$B436, "=Puebla") -> 3439 | E8: =SUMIFS(Concentrado!F$2:F436,Concentrado!$A$2:$A436,"="&$A8,Concentrado!$B$2:$B436, "=Puebla") -> 234 | F8: =SUMIFS(Concentrado!G$2:G436,Concentrado!$A$2:$A436,"="&$A8,Concentrado!$B$2:$B436, "=Puebla") -> 183
A9: 2019 | B9: =SUMIFS(Concentrado!C$2:C437,Concentrado!$A$2:$A437,"="&$A9,Concentrado!$B$2:$B437, "=Puebla") -> 3591 | C9: =SUMIFS(Concentrado!D$2:D437,Concentrado!$A$2:$A437,"="&$A9,Concentrado!$B$2:$B437, "=Puebla") -> 4113 | D9: =SUMIFS(Concentrado!E$2:E437,Concentrado!$A$2:$A437,"="&$A9,Concentrado!$B$2:$B437, "=Puebla") -> 3365 | E9: =SUMIFS(Concentrado!F$2:F437,Concentrado!$A$2:$A437,"="&$A9,Concentrado!$B$2:$B437, "=Puebla") -> 216 | F9: =SUMIFS(Concentrado!G$2:G437,Concentrado!$A$2:$A437,"="&$A9,Concentrado!$B$2:$B437, "=Puebla") -> 252
A10: 2020 | B10: =SUMIFS(Concentrado!C$2:C438,Concentrado!$A$2:$A438,"="&$A10,Concentrado!$B$2:$B438, "=Puebla") -> 3655 | C10: =SUMIFS(Concentrado!D$2:D438,Concentrado!$A$2:$A438,"="&$A10,Concentrado!$B$2:$B438, "=Puebla") -> 3686 | D10: =SUMIFS(Concentrado!E$2:E438,Concentrado!$A$2:$A438,"="&$A10,Concentrado!$B$2:$B438, "=Puebla") -> 3139 | E10: =SUMIFS(Concentrado!F$2:F438,Concentrado!$A$2:$A438,"="&$A10,Concentrado!$B$2:$B438, "=Puebla") -> 208 | F10: =SUMIFS(Concentrado!G$2:G438,Concentrado!$A$2:$A438,"="&$A10,Concentrado!$B$2:$B438, "=Puebla") -> 222
A11: 2021 | B11: =SUMIFS(Concentrado!C$2:C439,Concentrado!$A$2:$A439,"="&$A11,Concentrado!$B$2:$B439, "=Puebla") -> 3608 | C11: =SUMIFS(Concentrado!D$2:D439,Concentrado!$A$2:$A439,"="&$A11,Concentrado!$B$2:$B439, "=Puebla") -> 3667 | D11: =SUMIFS(Concentrado!E$2:E439,Concentrado!$A$2:$A439,"="&$A11,Concentrado!$B$2:$B439, "=Puebla") -> 2988 | E11: =SUMIFS(Concentrado!F$2:F439,Concentrado!$A$2:$A439,"="&$A11,Concentrado!$B$2:$B439, "=Puebla") -> 182 | F11: =SUMIFS(Concentrado!G$2:G439,Concentrado!$A$2:$A439,"="&$A11,Concentrado!$B$2:$B439, "=Puebla") -> 143
A12: 2022 | B12: =SUMIFS(Concentrado!C$2:C440,Concentrado!$A$2:$A440,"="&$A12,Concentrado!$B$2:$B440, "=Puebla") -> 4218 | C12: =SUMIFS(Concentrado!D$2:D440,Concentrado!$A$2:$A440,"="&$A12,Concentrado!$B$2:$B440, "=Puebla") -> 3785 | D12: =SUMIFS(Concentrado!E$2:E440,Concentrado!$A$2:$A440,"="&$A12,Concentrado!$B$2:$B440, "=Puebla") -> 2937 | E12: =SUMIFS(Concentrado!F$2:F440,Concentrado!$A$2:$A440,"="&$A12,Concentrado!$B$2:$B440, "=Puebla") -> 190 | F12: =SUMIFS(Concentrado!G$2:G440,Concentrado!$A$2:$A440,"="&$A12,Concentrado!$B$2:$B440, "=Puebla") -> 140
A13: 2023 | B13: =SUMIFS(Concentrado!C$2:C441,Concentrado!$A$2:$A441,"="&$A13,Concentrado!$B$2:$B441, "=Puebla") -> 4258 | C13: =SUMIFS(Concentrado!D$2:D441,Concentrado!$A$2:$A441,"="&$A13,Concentrado!$B$2:$B441, "=Puebla") -> 3966 | D13: =SUMIFS(Concentrado!E$2:E441,Concentrado!$A$2:$A441,"="&$A13,Concentrado!$B$2:$B441, "=Puebla") -> 2980 | E13: =SUMIFS(Concentrado!F$2:F441,Concentrado!$A$2:$A441,"="&$A13,Concentrado!$B$2:$B441, "=Puebla") -> 181 | F13: =SUMIFS(Concentrado!G$2:G441,Concentrado!$A$2:$A441,"="&$A13,Concentrado!$B$2:$B441, "=Puebla") -> 125
A14: 2024 | B14: =SUMIFS(Concentrado!C$2:C442,Concentrado!$A$2:$A442,"="&$A14,Concentrado!$B$2:$B442, "=Puebla") -> 4334 | C14: =SUMIFS(Concentrado!D$2:D442,Concentrado!$A$2:$A442,"="&$A14,Concentrado!$B$2:$B442, "=Puebla") -> 4016 | D14: =SUMIFS(Concentrado!E$2:E442,Concentrado!$A$2:$A442,"="&$A14,Concentrado!$B$2:$B442, "=Puebla") -> 3178 | E14: =SUMIFS(Concentrado!F$2:F442,Concentrado!$A$2:$A442,"="&$A14,Concentrado!$B$2:$B442, "=Puebla") -> 201 | F14: =SUMIFS(Concentrado!G$2:G442,Concentrado!$A$2:$A442,"="&$A14,Concentrado!$B$2:$B442, "=Puebla") -> 129

Sheet QRO
A1: Año | B1: Consultorios | C1: Camas hospitalarias | D1: Camas no hospitalarias | E1: Quirófanos | F1: Salas expulsión
A2: 2012 | B2: =SUMIFS(Concentrado!C$2:C430,Concentrado!$A$2:$A430,"="&$A2,Concentrado!$B$2:$B430, "=Querétaro") -> 954 | C2: =SUMIFS(Concentrado!D$2:D430,Concentrado!$A$2:$A430,"="&$A2,Concentrado!$B$2:$B430, "=Querétaro") -> 886 | D2: =SUMIFS(Concentrado!E$2:E430,Concentrado!$A$2:$A430,"="&$A2,Concentrado!$B$2:$B430, "=Querétaro") -> 725 | E2: =SUMIFS(Concentrado!F$2:F430,Concentrado!$A$2:$A430,"="&$A2,Concentrado!$B$2:$B430, "=Querétaro") -> 42 | F2: =SUMIFS(Concentrado!G$2:G430,Concentrado!$A$2:$A430,"="&$A2,Concentrado!$B$2:$B430, "=Querétaro") -> 18
A3: 2013 | B3: =SUMIFS(Concentrado!C$2:C431,Concentrado!$A$2:$A431,"="&$A3,Concentrado!$B$2:$B431, "=Querétaro") -> 978 | C3: =SUMIFS(Concentrado!D$2:D431,Concentrado!$A$2:$A431,"="&$A3,Concentrado!$B$2:$B431, "=Querétaro") -> 879 | D3: =SUMIFS(Concentrado!E$2:E431,Concentrado!$A$2:$A431,"="&$A3,Concentrado!$B$2:$B431, "=Querétaro") -> 741 | E3: =SUMIFS(Concentrado!F$2:F431,Concentrado!$A$2:$A431,"="&$A3,Concentrado!$B$2:$B431, "=Querétaro") -> 49 | F3: =SUMIFS(Concentrado!G$2:G431,Concentrado!$A$2:$A431,"="&$A3,Concentrado!$B$2:$B431, "=Querétaro") -> 20
A4: 2014 | B4: =SUMIFS(Concentrado!C$2:C432,Concentrado!$A$2:$A432,"="&$A4,Concentrado!$B$2:$B432, "=Querétaro") -> 1003 | C4: =SUMIFS(Concentrado!D$2:D432,Concentrado!$A$2:$A432,"="&$A4,Concentrado!$B$2:$B432, "=Querétaro") -> 862 | D4: =SUMIFS(Concentrado!E$2:E432,Concentrado!$A$2:$A432,"="&$A4,Concentrado!$B$2:$B432, "=Querétaro") -> 769 | E4: =SUMIFS(Concentrado!F$2:F432,Concentrado!$A$2:$A432,"="&$A4,Concentrado!$B$2:$B432, "=Querétaro") -> 47 | F4: =SUMIFS(Concentrado!G$2:G432,Concentrado!$A$2:$A432,"="&$A4,Concentrado!$B$2:$B432, "=Querétaro") -> 20
A5: 2015 | B5: =SUMIFS(Concentrado!C$2:C433,Concentrado!$A$2:$A433,"="&$A5,Concentrado!$B$2:$B433, "=Querétaro") -> 1023 | C5: =SUMIFS(Concentrado!D$2:D433,Concentrado!$A$2:$A433,"="&$A5,Concentrado!$B$2:$B433, "=Querétaro") -> 858 | D5: =SUMIFS(Concentrado!E$2:E433,Concentrado!$A$2:$A433,"="&$A5,Concentrado!$B$2:$B433, "=Querétaro") -> 757 | E5: =SUMIFS(Concentrado!F$2:F433,Concentrado!$A$2:$A433,"="&$A5,Concentrado!$B$2:$B433, "=Querétaro") -> 49 | F5: =SUMIFS(Concentrado!G$2:G433,Concentrado!$A$2:$A433,"="&$A5,Concentrado!$B$2:$B433, "=Querétaro") -> 19
A6: 2016 | B6: =SUMIFS(Concentrado!C$2:C434,Concentrado!$A$2:$A434,"="&$A6,Concentrado!$B$2:$B434, "=Querétaro") -> 1040 | C6: =SUMIFS(Concentrado!D$2:D434,Concentrado!$A$2:$A434,"="&$A6,Concentrado!$B$2:$B434, "=Querétaro") -> 901 | D6: =SUMIFS(Concentrado!E$2:E434,Concentrado!$A$2:$A434,"="&$A6,Concentrado!$B$2:$B434, "=Querétaro") -> 798 | E6: =SUMIFS(Concentrado!F$2:F434,Concentrado!$A$2:$A434,"="&$A6,Concentrado!$B$2:$B434, "=Querétaro") -> 43 | F6: =SUMIFS(Concentrado!G$2:G434,Concentrado!$A$2:$A434,"="&$A6,Concentrado!$B$2:$B434, "=Querétaro") -> 19
A7: 2017 | B7: =SUMIFS(Concentrado!C$2:C435,Concentrado!$A$2:$A435,"="&$A7,Concentrado!$B$2:$B435, "=Querétaro") -> 1028 | C7: =SUMIFS(Concentrado!D$2:D435,Concentrado!$A$2:$A435,"="&$A7,Concentrado!$B$2:$B435, "=Querétaro") -> 895 | D7: =SUMIFS(Concentrado!E$2:E435,Concentrado!$A$2:$A435,"="&$A7,Concentrado!$B$2:$B435, "=Querétaro") -> 842 | E7: =SUMIFS(Concentrado!F$2:F435,Concentrado!$A$2:$A435,"="&$A7,Concentrado!$B$2:$B435, "=Querétaro") -> 43 | F7: =SUMIFS(Concentrado!G$2:G435,Concentrado!$A$2:$A435,"="&$A7,Concentrado!$B$2:$B435, "=Querétaro") -> 19
A8: 2018 | B8: =SUMIFS(Concentrado!C$2:C436,Concentrado!$A$2:$A436,"="&$A8,Concentrado!$B$2:$B436, "=Querétaro") -> 1035 | C8: =SUMIFS(Concentrado!D$2:D436,Concentrado!$A$2:$A436,"="&$A8,Concentrado!$B$2:$B436, "=Querétaro") -> 881 | D8: =SUMIFS(Concentrado!E$2:E436,Concentrado!$A$2:$A436,"="&$A8,Concentrado!$B$2:$B436, "=Querétaro") -> 779 | E8: =SUMIFS(Concentrado!F$2:F436,Concentrado!$A$2:$A436,"="&$A8,Concentrado!$B$2:$B436, "=Querétaro") -> 43 | F8: =SUMIFS(Concentrado!G$2:G436,Concentrado!$A$2:$A436,"="&$A8,Concentrado!$B$2:$B436, "=Querétaro") -> 19
A9: 2019 | B9: =SUMIFS(Concentrado!C$2:C437,Concentrado!$A$2:$A437,"="&$A9,Concentrado!$B$2:$B437, "=Querétaro") -> 1046 | C9: =SUMIFS(Concentrado!D$2:D437,Concentrado!$A$2:$A437,"="&$A9,Concentrado!$B$2:$B437, "=Querétaro") -> 899 | D9: =SUMIFS(Concentrado!E$2:E437,Concentrado!$A$2:$A437,"="&$A9,Concentrado!$B$2:$B437, "=Querétaro") -> 819 | E9: =SUMIFS(Concentrado!F$2:F437,Concentrado!$A$2:$A437,"="&$A9,Concentrado!$B$2:$B437, "=Querétaro") -> 54 | F9: =SUMIFS(Concentrado!G$2:G437,Concentrado!$A$2:$A437,"="&$A9,Concentrado!$B$2:$B437, "=Querétaro") -> 21
A10: 2020 | B10: =SUMIFS(Concentrado!C$2:C438,Concentrado!$A$2:$A438,"="&$A10,Concentrado!$B$2:$B438, "=Querétaro") -> 1142 | C10: =SUMIFS(Concentrado!D$2:D438,Concentrado!$A$2:$A438,"="&$A10,Concentrado!$B$2:$B438, "=Querétaro") -> 1173 | D10: =SUMIFS(Concentrado!E$2:E438,Concentrado!$A$2:$A438,"="&$A10,Concentrado!$B$2:$B438, "=Querétaro") -> 931 | E10: =SUMIFS(Concentrado!F$2:F438,Concentrado!$A$2:$A438,"="&$A10,Concentrado!$B$2:$B438, "=Querétaro") -> 55 | F10: =SUMIFS(Concentrado!G$2:G438,Concentrado!$A$2:$A438,"="&$A10,Concentrado!$B$2:$B438, "=Querétaro") -> 21
A11: 2021 | B11: =SUMIFS(Concentrado!C$2:C439,Concentrado!$A$2:$A439,"="&$A11,Concentrado!$B$2:$B439, "=Querétaro") -> 1210 | C11: =SUMIFS(Concentrado!D$2:D439,Concentrado!$A$2:$A439,"="&$A11,Concentrado!$B$2:$B439, "=Querétaro") -> 1296 | D11: =SUMIFS(Concentrado!E$2:E439,Concentrado!$A$2:$A439,"="&$A11,Concentrado!$B$2:$B439, "=Querétaro") -> 992 | E11: =SUMIFS(Concentrado!F$2:F439,Concentrado!$A$2:$A439,"="&$A11,Concentrado!$B$2:$B439, "=Querétaro") -> 58 | F11: =SUMIFS(Concentrado!G$2:G439,Concentrado!$A$2:$A439,"="&$A11,Concentrado!$B$2:$B439, "=Querétaro") -> 17
A12: 2022 | B12: =SUMIFS(Concentrado!C$2:C440,Concentrado!$A$2:$A440,"="&$A12,Concentrado!$B$2:$B440, "=Querétaro") -> 1213 | C12: =SUMIFS(Concentrado!D$2:D440,Concentrado!$A$2:$A440,"="&$A12,Concentrado!$B$2:$B440, "=Querétaro") -> 1287 | D12: =SUMIFS(Concentrado!E$2:E440,Concentrado!$A$2:$A440,"="&$A12,Concentrado!$B$2:$B440, "=Querétaro") -> 711 | E12: =SUMIFS(Concentrado!F$2:F440,Concentrado!$A$2:$A440,"="&$A12,Concentrado!$B$2:$B440, "=Querétaro") -> 59 | F12: =SUMIFS(Concentrado!G$2:G440,Concentrado!$A$2:$A440,"="&$A12,Concentrado!$B$2:$B440, "=Querétaro") -> 17
A13: 2023 | B13: =SUMIFS(Concentrado!C$2:C441,Concentrado!$A$2:$A441,"="&$A13,Concentrado!$B$2:$B441, "=Querétaro") -> 1253 | C13: =SUMIFS(Concentrado!D$2:D441,Concentrado!$A$2:$A441,"="&$A13,Concentrado!$B$2:$B441, "=Querétaro") -> 1329 | D13: =SUMIFS(Concentrado!E$2:E441,Concentrado!$A$2:$A441,"="&$A13,Concentrado!$B$2:$B441, "=Querétaro") -> 815 | E13: =SUMIFS(Concentrado!F$2:F441,Concentrado!$A$2:$A441,"="&$A13,Concentrado!$B$2:$B441, "=Querétaro") -> 66 | F13: =SUMIFS(Concentrado!G$2:G441,Concentrado!$A$2:$A441,"="&$A13,Concentrado!$B$2:$B441, "=Querétaro") -> 16
A14: 2024 | B14: =SUMIFS(Concentrado!C$2:C442,Concentrado!$A$2:$A442,"="&$A14,Concentrado!$B$2:$B442, "=Querétaro") -> 1345 | C14: =SUMIFS(Concentrado!D$2:D442,Concentrado!$A$2:$A442,"="&$A14,Concentrado!$B$2:$B442, "=Querétaro") -> 1336 | D14: =SUMIFS(Concentrado!E$2:E442,Concentrado!$A$2:$A442,"="&$A14,Concentrado!$B$2:$B442, "=Querétaro") -> 826 | E14: =SUMIFS(Concentrado!F$2:F442,Concentrado!$A$2:$A442,"="&$A14,Concentrado!$B$2:$B442, "=Querétaro") -> 63 | F14: =SUMIFS(Concentrado!G$2:G442,Concentrado!$A$2:$A442,"="&$A14,Concentrado!$B$2:$B442, "=Querétaro") -> 16

Sheet QROO
A1: Año | B1: Consultorios | C1: Camas hospitalarias | D1: Camas no hospitalarias | E1: Quirófanos | F1: Salas expulsión
A2: 2012 | B2: =SUMIFS(Concentrado!C$2:C430,Concentrado!$A$2:$A430,"="&$A2,Concentrado!$B$2:$B430, "=Quintana Roo") -> 829 | C2: =SUMIFS(Concentrado!D$2:D430,Concentrado!$A$2:$A430,"="&$A2,Concentrado!$B$2:$B430, "=Quintana Roo") -> 968 | D2: =SUMIFS(Concentrado!E$2:E430,Concentrado!$A$2:$A430,"="&$A2,Concentrado!$B$2:$B430, "=Quintana Roo") -> 596 | E2: =SUMIFS(Concentrado!F$2:F430,Concentrado!$A$2:$A430,"="&$A2,Concentrado!$B$2:$B430, "=Quintana Roo") -> 50 | F2: =SUMIFS(Concentrado!G$2:G430,Concentrado!$A$2:$A430,"="&$A2,Concentrado!$B$2:$B430, "=Quintana Roo") -> 28
A3: 2013 | B3: =SUMIFS(Concentrado!C$2:C431,Concentrado!$A$2:$A431,"="&$A3,Concentrado!$B$2:$B431, "=Quintana Roo") -> 810 | C3: =SUMIFS(Concentrado!D$2:D431,Concentrado!$A$2:$A431,"="&$A3,Concentrado!$B$2:$B431, "=Quintana Roo") -> 927 | D3: =SUMIFS(Concentrado!E$2:E431,Concentrado!$A$2:$A431,"="&$A3,Concentrado!$B$2:$B431, "=Quintana Roo") -> 655 | E3: =SUMIFS(Concentrado!F$2:F431,Concentrado!$A$2:$A431,"="&$A3,Concentrado!$B$2:$B431, "=Quintana Roo") -> 48 | F3: =SUMIFS(Concentrado!G$2:G431,Concentrado!$A$2:$A431,"="&$A3,Concentrado!$B$2:$B431, "=Quintana Roo") -> 29
A4: 2014 | B4: =SUMIFS(Concentrado!C$2:C432,Concentrado!$A$2:$A432,"="&$A4,Concentrado!$B$2:$B432, "=Quintana Roo") -> 849 | C4: =SUMIFS(Concentrado!D$2:D432,Concentrado!$A$2:$A432,"="&$A4,Concentrado!$B$2:$B432, "=Quintana Roo") -> 911 | D4: =SUMIFS(Concentrado!E$2:E432,Concentrado!$A$2:$A432,"="&$A4,Concentrado!$B$2:$B432, "=Quintana Roo") -> 628 | E4: =SUMIFS(Concentrado!F$2:F432,Concentrado!$A$2:$A432,"="&$A4,Concentrado!$B$2:$B432, "=Quintana Roo") -> 44 | F4: =SUMIFS(Concentrado!G$2:G432,Concentrado!$A$2:$A432,"="&$A4,Concentrado!$B$2:$B432, "=Quintana Roo") -> 29
A5: 2015 | B5: =SUMIFS(Concentrado!C$2:C433,Concentrado!$A$2:$A433,"="&$A5,Concentrado!$B$2:$B433, "=Quintana Roo") -> 869 | C5: =SUMIFS(Concentrado!D$2:D433,Concentrado!$A$2:$A433,"="&$A5,Concentrado!$B$2:$B433, "=Quintana Roo") -> 909 | D5: =SUMIFS(Concentrado!E$2:E433,Concentrado!$A$2:$A433,"="&$A5,Concentrado!$B$2:$B433, "=Quintana Roo") -> 583 | E5: =SUMIFS(Concentrado!F$2:F433,Concentrado!$A$2:$A433,"="&$A5,Concentrado!$B$2:$B433, "=Quintana Roo") -> 44 | F5: =SUMIFS(Concentrado!G$2:G433,Concentrado!$A$2:$A433,"="&$A5,Concentrado!$B$2:$B433, "=Quintana Roo") -> 28
A6: 2016 | B6: =SUMIFS(Concentrado!C$2:C434,Concentrado!$A$2:$A434,"="&$A6,Concentrado!$B$2:$B434, "=Quintana Roo") -> 871 | C6: =SUMIFS(Concentrado!D$2:D434,Concentrado!$A$2:$A434,"="&$A6,Concentrado!$B$2:$B434, "=Quintana Roo") -> 881 | D6: =SUMIFS(Concentrado!E$2:E434,Concentrado!$A$2:$A434,"="&$A6,Concentrado!$B$2:$B434, "=Quintana Roo") -> 566 | E6: =SUMIFS(Concentrado!F$2:F434,Concentrado!$A$2:$A434,"="&$A6,Concentrado!$B$2:$B434, "=Quintana Roo") -> 44 | F6: =SUMIFS(Concentrado!G$2:G434,Concentrado!$A$2:$A434,"="&$A6,Concentrado!$B$2:$B434, "=Quintana Roo") -> 28
A7: 2017 | B7: =SUMIFS(Concentrado!C$2:C435,Concentrado!$A$2:$A435,"="&$A7,Concentrado!$B$2:$B435, "=Quintana Roo") -> 889 | C7: =SUMIFS(Concentrado!D$2:D435,Concentrado!$A$2:$A435,"="&$A7,Concentrado!$B$2:$B435, "=Quintana Roo") -> 983 | D7: =SUMIFS(Concentrado!E$2:E435,Concentrado!$A$2:$A435,"="&$A7,Concentrado!$B$2:$B435, "=Quintana Roo") -> 573 | E7: =SUMIFS(Concentrado!F$2:F435,Concentrado!$A$2:$A435,"="&$A7,Concentrado!$B$2:$B435, "=Quintana Roo") -> 50 | F7: =SUMIFS(Concentrado!G$2:G435,Concentrado!$A$2:$A435,"="&$A7,Concentrado!$B$2:$B435, "=Quintana Roo") -> 27
A8: 2018 | B8: =SUMIFS(Concentrado!C$2:C436,Concentrado!$A$2:$A436,"="&$A8,Concentrado!$B$2:$B436, "=Quintana Roo") -> 907 | C8: =SUMIFS(Concentrado!D$2:D436,Concentrado!$A$2:$A436,"="&$A8,Concentrado!$B$2:$B436, "=Quintana Roo") -> 1030 | D8: =SUMIFS(Concentrado!E$2:E436,Concentrado!$A$2:$A436,"="&$A8,Concentrado!$B$2:$B436, "=Quintana Roo") -> 581 | E8: =SUMIFS(Concentrado!F$2:F436,Concentrado!$A$2:$A436,"="&$A8,Concentrado!$B$2:$B436, "=Quintana Roo") -> 49 | F8: =SUMIFS(Concentrado!G$2:G436,Concentrado!$A$2:$A436,"="&$A8,Concentrado!$B$2:$B436, "=Quintana Roo") -> 28
A9: 2019 | B9: =SUMIFS(Concentrado!C$2:C437,Concentrado!$A$2:$A437,"="&$A9,Concentrado!$B$2:$B437, "=Quintana Roo") -> 898 | C9: =SUMIFS(Concentrado!D$2:D437,Concentrado!$A$2:$A437,"="&$A9,Concentrado!$B$2:$B437, "=Quintana Roo") -> 1047 | D9: =SUMIFS(Concentrado!E$2:E437,Concentrado!$A$2:$A437,"="&$A9,Concentrado!$B$2:$B437, "=Quintana Roo") -> 626 | E9: =SUMIFS(Concentrado!F$2:F437,Concentrado!$A$2:$A437,"="&$A9,Concentrado!$B$2:$B437, "=Quintana Roo") -> 51 | F9: =SUMIFS(Concentrado!G$2:G437,Concentrado!$A$2:$A437,"="&$A9,Concentrado!$B$2:$B437, "=Quintana Roo") -> 29
A10: 2020 | B10: =SUMIFS(Concentrado!C$2:C438,Concentrado!$A$2:$A438,"="&$A10,Concentrado!$B$2:$B438, "=Quintana Roo") -> 907 | C10: =SUMIFS(Concentrado!D$2:D438,Concentrado!$A$2:$A438,"="&$A10,Concentrado!$B$2:$B438, "=Quintana Roo") -> 1147 | D10: =SUMIFS(Concentrado!E$2:E438,Concentrado!$A$2:$A438,"="&$A10,Concentrado!$B$2:$B438, "=Quintana Roo") -> 610 | E10: =SUMIFS(Concentrado!F$2:F438,Concentrado!$A$2:$A438,"="&$A10,Concentrado!$B$2:$B438, "=Quintana Roo") -> 53 | F10: =SUMIFS(Concentrado!G$2:G438,Concentrado!$A$2:$A438,"="&$A10,Concentrado!$B$2:$B438, "=Quintana Roo") -> 26
A11: 2021 | B11: =SUMIFS(Concentrado!C$2:C439,Concentrado!$A$2:$A439,"="&$A11,Concentrado!$B$2:$B439, "=Quintana Roo") -> 932 | C11: =SUMIFS(Concentrado!D$2:D439,Concentrado!$A$2:$A439,"="&$A11,Concentrado!$B$2:$B439, "=Quintana Roo") -> 1036 | D11: =SUMIFS(Concentrado!E$2:E439,Concentrado!$A$2:$A439,"="&$A11,Concentrado!$B$2:$B439, "=Quintana Roo") -> 582 | E11: =SUMIFS(Concentrado!F$2:F439,Concentrado!$A$2:$A439,"="&$A11,Concentrado!$B$2:$B439, "=Quintana Roo") -> 50 | F11: =SUMIFS(Concentrado!G$2:G439,Concentrado!$A$2:$A439,"="&$A11,Concentrado!$B$2:$B439, "=Quintana Roo") -> 25
A12: 2022 | B12: =SUMIFS(Concentrado!C$2:C440,Concentrado!$A$2:$A440,"="&$A12,Concentrado!$B$2:$B440, "=Quintana Roo") -> 1086 | C12: =SUMIFS(Concentrado!D$2:D440,Concentrado!$A$2:$A440,"="&$A12,Concentrado!$B$2:$B440, "=Quintana Roo") -> 1062 | D12: =SUMIFS(Concentrado!E$2:E440,Concentrado!$A$2:$A440,"="&$A12,Concentrado!$B$2:$B440, "=Quintana Roo") -> 545 | E12: =SUMIFS(Concentrado!F$2:F440,Concentrado!$A$2:$A440,"="&$A12,Concentrado!$B$2:$B440, "=Quintana Roo") -> 50 | F12: =SUMIFS(Concentrado!G$2:G440,Concentrado!$A$2:$A440,"="&$A12,Concentrado!$B$2:$B440, "=Quintana Roo") -> 26
A13: 2023 | B13: =SUMIFS(Concentrado!C$2:C441,Concentrado!$A$2:$A441,"="&$A13,Concentrado!$B$2:$B441, "=Quintana Roo") -> 1117 | C13: =SUMIFS(Concentrado!D$2:D441,Concentrado!$A$2:$A441,"="&$A13,Concentrado!$B$2:$B441, "=Quintana Roo") -> 1212 | D13: =SUMIFS(Concentrado!E$2:E441,Concentrado!$A$2:$A441,"="&$A13,Concentrado!$B$2:$B441, "=Quintana Roo") -> 570 | E13: =SUMIFS(Concentrado!F$2:F441,Concentrado!$A$2:$A441,"="&$A13,Concentrado!$B$2:$B441, "=Quintana Roo") -> 46 | F13: =SUMIFS(Concentrado!G$2:G441,Concentrado!$A$2:$A441,"="&$A13,Concentrado!$B$2:$B441, "=Quintana Roo") -> 26
A14: 2024 | B14: =SUMIFS(Concentrado!C$2:C442,Concentrado!$A$2:$A442,"="&$A14,Concentrado!$B$2:$B442, "=Quintana Roo") -> 923 | C14: =SUMIFS(Concentrado!D$2:D442,Concentrado!$A$2:$A442,"="&$A14,Concentrado!$B$2:$B442, "=Quintana Roo") -> 1210 | D14: =SUMIFS(Concentrado!E$2:E442,Concentrado!$A$2:$A442,"="&$A14,Concentrado!$B$2:$B442, "=Quintana Roo") -> 676 | E14: =SUMIFS(Concentrado!F$2:F442,Concentrado!$A$2:$A442,"="&$A14,Concentrado!$B$2:$B442, "=Quintana Roo") -> 50 | F14: =SUMIFS(Concentrado!G$2:G442,Concentrado!$A$2:$A442,"="&$A14,Concentrado!$B$2:$B442, "=Quintana Roo") -> 26

Sheet SLP
A1: Año | B1: Consultorios | C1: Camas hospitalarias | D1: Camas no hospitalarias | E1: Quirófanos | F1: Salas expulsión
A2: 2012 | B2: =SUMIFS(Concentrado!C$2:C430,Concentrado!$A$2:$A430,"="&$A2,Concentrado!$B$2:$B430, "=San Luis Potosí") -> 1428 | C2: =SUMIFS(Concentrado!D$2:D430,Concentrado!$A$2:$A430,"="&$A2,Concentrado!$B$2:$B430, "=San Luis Potosí") -> 2003 | D2: =SUMIFS(Concentrado!E$2:E430,Concentrado!$A$2:$A430,"="&$A2,Concentrado!$B$2:$B430, "=San Luis Potosí") -> 1209 | E2: =SUMIFS(Concentrado!F$2:F430,Concentrado!$A$2:$A430,"="&$A2,Concentrado!$B$2:$B430, "=San Luis Potosí") -> 72 | F2: =SUMIFS(Concentrado!G$2:G430,Concentrado!$A$2:$A430,"="&$A2,Concentrado!$B$2:$B430, "=San Luis Potosí") -> 36
A3: 2013 | B3: =SUMIFS(Concentrado!C$2:C431,Concentrado!$A$2:$A431,"="&$A3,Concentrado!$B$2:$B431, "=San Luis Potosí") -> 1463 | C3: =SUMIFS(Concentrado!D$2:D431,Concentrado!$A$2:$A431,"="&$A3,Concentrado!$B$2:$B431, "=San Luis Potosí") -> 2421 | D3: =SUMIFS(Concentrado!E$2:E431,Concentrado!$A$2:$A431,"="&$A3,Concentrado!$B$2:$B431, "=San Luis Potosí") -> 1261 | E3: =SUMIFS(Concentrado!F$2:F431,Concentrado!$A$2:$A431,"="&$A3,Concentrado!$B$2:$B431, "=San Luis Potosí") -> 77 | F3: =SUMIFS(Concentrado!G$2:G431,Concentrado!$A$2:$A431,"="&$A3,Concentrado!$B$2:$B431, "=San Luis Potosí") -> 36
A4: 2014 | B4: =SUMIFS(Concentrado!C$2:C432,Concentrado!$A$2:$A432,"="&$A4,Concentrado!$B$2:$B432, "=San Luis Potosí") -> 1549 | C4: =SUMIFS(Concentrado!D$2:D432,Concentrado!$A$2:$A432,"="&$A4,Concentrado!$B$2:$B432, "=San Luis Potosí") -> 2416 | D4: =SUMIFS(Concentrado!E$2:E432,Concentrado!$A$2:$A432,"="&$A4,Concentrado!$B$2:$B432, "=San Luis Potosí") -> 1210 | E4: =SUMIFS(Concentrado!F$2:F432,Concentrado!$A$2:$A432,"="&$A4,Concentrado!$B$2:$B432, "=San Luis Potosí") -> 75 | F4: =SUMIFS(Concentrado!G$2:G432,Concentrado!$A$2:$A432,"="&$A4,Concentrado!$B$2:$B432, "=San Luis Potosí") -> 33
A5: 2015 | B5: =SUMIFS(Concentrado!C$2:C433,Concentrado!$A$2:$A433,"="&$A5,Concentrado!$B$2:$B433, "=San Luis Potosí") -> 1555 | C5: =SUMIFS(Concentrado!D$2:D433,Concentrado!$A$2:$A433,"="&$A5,Concentrado!$B$2:$B433, "=San Luis Potosí") -> 1860 | D5: =SUMIFS(Concentrado!E$2:E433,Concentrado!$A$2:$A433,"="&$A5,Concentrado!$B$2:$B433, "=San Luis Potosí") -> 979 | E5: =SUMIFS(Concentrado!F$2:F433,Concentrado!$A$2:$A433,"="&$A5,Concentrado!$B$2:$B433, "=San Luis Potosí") -> 77 | F5: =SUMIFS(Concentrado!G$2:G433,Concentrado!$A$2:$A433,"="&$A5,Concentrado!$B$2:$B433, "=San Luis Potosí") -> 37
A6: 2016 | B6: =SUMIFS(Concentrado!C$2:C434,Concentrado!$A$2:$A434,"="&$A6,Concentrado!$B$2:$B434, "=San Luis Potosí") -> 1723 | C6: =SUMIFS(Concentrado!D$2:D434,Concentrado!$A$2:$A434,"="&$A6,Concentrado!$B$2:$B434, "=San Luis Potosí") -> 1865 | D6: =SUMIFS(Concentrado!E$2:E434,Concentrado!$A$2:$A434,"="&$A6,Concentrado!$B$2:$B434, "=San Luis Potosí") -> 955 | E6: =SUMIFS(Concentrado!F$2:F434,Concentrado!$A$2:$A434,"="&$A6,Concentrado!$B$2:$B434, "=San Luis Potosí") -> 77 | F6: =SUMIFS(Concentrado!G$2:G434,Concentrado!$A$2:$A434,"="&$A6,Concentrado!$B$2:$B434, "=San Luis Potosí") -> 43
A7: 2017 | B7: =SUMIFS(Concentrado!C$2:C435,Concentrado!$A$2:$A435,"="&$A7,Concentrado!$B$2:$B435, "=San Luis Potosí") -> 1753 | C7: =SUMIFS(Concentrado!D$2:D435,Concentrado!$A$2:$A435,"="&$A7,Concentrado!$B$2:$B435, "=San Luis Potosí") -> 1940 | D7: =SUMIFS(Concentrado!E$2:E435,Concentrado!$A$2:$A435,"="&$A7,Concentrado!$B$2:$B435, "=San Luis Potosí") -> 992 | E7: =SUMIFS(Concentrado!F$2:F435,Concentrado!$A$2:$A435,"="&$A7,Concentrado!$B$2:$B435, "=San Luis Potosí") -> 82 | F7: =SUMIFS(Concentrado!G$2:G435,Concentrado!$A$2:$A435,"="&$A7,Concentrado!$B$2:$B435, "=San Luis Potosí") -> 44
A8: 2018 | B8: =SUMIFS(Concentrado!C$2:C436,Concentrado!$A$2:$A436,"="&$A8,Concentrado!$B$2:$B436, "=San Luis Potosí") -> 1817 | C8: =SUMIFS(Concentrado!D$2:D436,Concentrado!$A$2:$A436,"="&$A8,Concentrado!$B$2:$B436, "=San Luis Potosí") -> 2021 | D8: =SUMIFS(Concentrado!E$2:E436,Concentrado!$A$2:$A436,"="&$A8,Concentrado!$B$2:$B436, "=San Luis Potosí") -> 1058 | E8: =SUMIFS(Concentrado!F$2:F436,Concentrado!$A$2:$A436,"="&$A8,Concentrado!$B$2:$B436, "=San Luis Potosí") -> 82 | F8: =SUMIFS(Concentrado!G$2:G436,Concentrado!$A$2:$A436,"="&$A8,Concentrado!$B$2:$B436, "=San Luis Potosí") -> 43
A9: 2019 | B9: =SUMIFS(Concentrado!C$2:C437,Concentrado!$A$2:$A437,"="&$A9,Concentrado!$B$2:$B437, "=San Luis Potosí") -> 1748 | C9: =SUMIFS(Concentrado!D$2:D437,Concentrado!$A$2:$A437,"="&$A9,Concentrado!$B$2:$B437, "=San Luis Potosí") -> 1822 | D9: =SUMIFS(Concentrado!E$2:E437,Concentrado!$A$2:$A437,"="&$A9,Concentrado!$B$2:$B437, "=San Luis Potosí") -> 1036 | E9: =SUMIFS(Concentrado!F$2:F437,Concentrado!$A$2:$A437,"="&$A9,Concentrado!$B$2:$B437, "=San Luis Potosí") -> 83 | F9: =SUMIFS(Concentrado!G$2:G437,Concentrado!$A$2:$A437,"="&$A9,Concentrado!$B$2:$B437, "=San Luis Potosí") -> 40
A10: 2020 | B10: =SUMIFS(Concentrado!C$2:C438,Concentrado!$A$2:$A438,"="&$A10,Concentrado!$B$2:$B438, "=San Luis Potosí") -> 2097 | C10: =SUMIFS(Concentrado!D$2:D438,Concentrado!$A$2:$A438,"="&$A10,Concentrado!$B$2:$B438, "=San Luis Potosí") -> 2120 | D10: =SUMIFS(Concentrado!E$2:E438,Concentrado!$A$2:$A438,"="&$A10,Concentrado!$B$2:$B438, "=San Luis Potosí") -> 1270 | E10: =SUMIFS(Concentrado!F$2:F438,Concentrado!$A$2:$A438,"="&$A10,Concentrado!$B$2:$B438, "=San Luis Potosí") -> 104 | F10: =SUMIFS(Concentrado!G$2:G438,Concentrado!$A$2:$A438,"="&$A10,Concentrado!$B$2:$B438, "=San Luis Potosí") -> 46
A11: 2021 | B11: =SUMIFS(Concentrado!C$2:C439,Concentrado!$A$2:$A439,"="&$A11,Concentrado!$B$2:$B439, "=San Luis Potosí") -> 1908 | C11: =SUMIFS(Concentrado!D$2:D439,Concentrado!$A$2:$A439,"="&$A11,Concentrado!$B$2:$B439, "=San Luis Potosí") -> 2157 | D11: =SUMIFS(Concentrado!E$2:E439,Concentrado!$A$2:$A439,"="&$A11,Concentrado!$B$2:$B439, "=San Luis Potosí") -> 1290 | E11: =SUMIFS(Concentrado!F$2:F439,Concentrado!$A$2:$A439,"="&$A11,Concentrado!$B$2:$B439, "=San Luis Potosí") -> 107 | F11: =SUMIFS(Concentrado!G$2:G439,Concentrado!$A$2:$A439,"="&$A11,Concentrado!$B$2:$B439, "=San Luis Potosí") -> 44
A12: 2022 | B12: =SUMIFS(Concentrado!C$2:C440,Concentrado!$A$2:$A440,"="&$A12,Concentrado!$B$2:$B440, "=San Luis Potosí") -> 1996 | C12: =SUMIFS(Concentrado!D$2:D440,Concentrado!$A$2:$A440,"="&$A12,Concentrado!$B$2:$B440, "=San Luis Potosí") -> 2241 | D12: =SUMIFS(Concentrado!E$2:E440,Concentrado!$A$2:$A440,"="&$A12,Concentrado!$B$2:$B440, "=San Luis Potosí") -> 1293 | E12: =SUMIFS(Concentrado!F$2:F440,Concentrado!$A$2:$A440,"="&$A12,Concentrado!$B$2:$B440, "=San Luis Potosí") -> 117 | F12: =SUMIFS(Concentrado!G$2:G440,Concentrado!$A$2:$A440,"="&$A12,Concentrado!$B$2:$B440, "=San Luis Potosí") -> 42
A13: 2023 | B13: =SUMIFS(Concentrado!C$2:C441,Concentrado!$A$2:$A441,"="&$A13,Concentrado!$B$2:$B441, "=San Luis Potosí") -> 1971 | C13: =SUMIFS(Concentrado!D$2:D441,Concentrado!$A$2:$A441,"="&$A13,Concentrado!$B$2:$B441, "=San Luis Potosí") -> 2240 | D13: =SUMIFS(Concentrado!E$2:E441,Concentrado!$A$2:$A441,"="&$A13,Concentrado!$B$2:$B441, "=San Luis Potosí") -> 1295 | E13: =SUMIFS(Concentrado!F$2:F441,Concentrado!$A$2:$A441,"="&$A13,Concentrado!$B$2:$B441, "=San Luis Potosí") -> 114 | F13: =SUMIFS(Concentrado!G$2:G441,Concentrado!$A$2:$A441,"="&$A13,Concentrado!$B$2:$B441, "=San Luis Potosí") -> 42
A14: 2024 | B14: =SUMIFS(Concentrado!C$2:C442,Concentrado!$A$2:$A442,"="&$A14,Concentrado!$B$2:$B442, "=San Luis Potosí") -> 1999 | C14: =SUMIFS(Concentrado!D$2:D442,Concentrado!$A$2:$A442,"="&$A14,Concentrado!$B$2:$B442, "=San Luis Potosí") -> 2258 | D14: =SUMIFS(Concentrado!E$2:E442,Concentrado!$A$2:$A442,"="&$A14,Concentrado!$B$2:$B442, "=San Luis Potosí") -> 1305 | E14: =SUMIFS(Concentrado!F$2:F442,Concentrado!$A$2:$A442,"="&$A14,Concentrado!$B$2:$B442, "=San Luis Potosí") -> 115 | F14: =SUMIFS(Concentrado!G$2:G442,Concentrado!$A$2:$A442,"="&$A14,Concentrado!$B$2:$B442, "=San Luis Potosí") -> 44

Sheet SIN
A1: Año | B1: Consultorios | C1: Camas hospitalarias | D1: Camas no hospitalarias | E1: Quirófanos | F1: Salas expulsión
A2: 2012 | B2: =SUMIFS(Concentrado!C$2:C430,Concentrado!$A$2:$A430,"="&$A2,Concentrado!$B$2:$B430, "=Sinaloa") -> 1786 | C2: =SUMIFS(Concentrado!D$2:D430,Concentrado!$A$2:$A430,"="&$A2,Concentrado!$B$2:$B430, "=Sinaloa") -> 2053 | D2: =SUMIFS(Concentrado!E$2:E430,Concentrado!$A$2:$A430,"="&$A2,Concentrado!$B$2:$B430, "=Sinaloa") -> 1435 | E2: =SUMIFS(Concentrado!F$2:F430,Concentrado!$A$2:$A430,"="&$A2,Concentrado!$B$2:$B430, "=Sinaloa") -> 116 | F2: =SUMIFS(Concentrado!G$2:G430,Concentrado!$A$2:$A430,"="&$A2,Concentrado!$B$2:$B430, "=Sinaloa") -> 60
A3: 2013 | B3: =SUMIFS(Concentrado!C$2:C431,Concentrado!$A$2:$A431,"="&$A3,Concentrado!$B$2:$B431, "=Sinaloa") -> 1815 | C3: =SUMIFS(Concentrado!D$2:D431,Concentrado!$A$2:$A431,"="&$A3,Concentrado!$B$2:$B431, "=Sinaloa") -> 2090 | D3: =SUMIFS(Concentrado!E$2:E431,Concentrado!$A$2:$A431,"="&$A3,Concentrado!$B$2:$B431, "=Sinaloa") -> 1583 | E3: =SUMIFS(Concentrado!F$2:F431,Concentrado!$A$2:$A431,"="&$A3,Concentrado!$B$2:$B431, "=Sinaloa") -> 132 | F3: =SUMIFS(Concentrado!G$2:G431,Concentrado!$A$2:$A431,"="&$A3,Concentrado!$B$2:$B431, "=Sinaloa") -> 63
A4: 2014 | B4: =SUMIFS(Concentrado!C$2:C432,Concentrado!$A$2:$A432,"="&$A4,Concentrado!$B$2:$B432, "=Sinaloa") -> 1896 | C4: =SUMIFS(Concentrado!D$2:D432,Concentrado!$A$2:$A432,"="&$A4,Concentrado!$B$2:$B432, "=Sinaloa") -> 2207 | D4: =SUMIFS(Concentrado!E$2:E432,Concentrado!$A$2:$A432,"="&$A4,Concentrado!$B$2:$B432, "=Sinaloa") -> 1545 | E4: =SUMIFS(Concentrado!F$2:F432,Concentrado!$A$2:$A432,"="&$A4,Concentrado!$B$2:$B432, "=Sinaloa") -> 132 | F4: =SUMIFS(Concentrado!G$2:G432,Concentrado!$A$2:$A432,"="&$A4,Concentrado!$B$2:$B432, "=Sinaloa") -> 64
A5: 2015 | B5: =SUMIFS(Concentrado!C$2:C433,Concentrado!$A$2:$A433,"="&$A5,Concentrado!$B$2:$B433, "=Sinaloa") -> 1910 | C5: =SUMIFS(Concentrado!D$2:D433,Concentrado!$A$2:$A433,"="&$A5,Concentrado!$B$2:$B433, "=Sinaloa") -> 2220 | D5: =SUMIFS(Concentrado!E$2:E433,Concentrado!$A$2:$A433,"="&$A5,Concentrado!$B$2:$B433, "=Sinaloa") -> 1182 | E5: =SUMIFS(Concentrado!F$2:F433,Concentrado!$A$2:$A433,"="&$A5,Concentrado!$B$2:$B433, "=Sinaloa") -> 125 | F5: =SUMIFS(Concentrado!G$2:G433,Concentrado!$A$2:$A433,"="&$A5,Concentrado!$B$2:$B433, "=Sinaloa") -> 61
A6: 2016 | B6: =SUMIFS(Concentrado!C$2:C434,Concentrado!$A$2:$A434,"="&$A6,Concentrado!$B$2:$B434, "=Sinaloa") -> 1919 | C6: =SUMIFS(Concentrado!D$2:D434,Concentrado!$A$2:$A434,"="&$A6,Concentrado!$B$2:$B434, "=Sinaloa") -> 2303 | D6: =SUMIFS(Concentrado!E$2:E434,Concentrado!$A$2:$A434,"="&$A6,Concentrado!$B$2:$B434, "=Sinaloa") -> 1176 | E6: =SUMIFS(Concentrado!F$2:F434,Concentrado!$A$2:$A434,"="&$A6,Concentrado!$B$2:$B434, "=Sinaloa") -> 131 | F6: =SUMIFS(Concentrado!G$2:G434,Concentrado!$A$2:$A434,"="&$A6,Concentrado!$B$2:$B434, "=Sinaloa") -> 60
A7: 2017 | B7: =SUMIFS(Concentrado!C$2:C435,Concentrado!$A$2:$A435,"="&$A7,Concentrado!$B$2:$B435, "=Sinaloa") -> 1960 | C7: =SUMIFS(Concentrado!D$2:D435,Concentrado!$A$2:$A435,"="&$A7,Concentrado!$B$2:$B435, "=Sinaloa") -> 2375 | D7: =SUMIFS(Concentrado!E$2:E435,Concentrado!$A$2:$A435,"="&$A7,Concentrado!$B$2:$B435, "=Sinaloa") -> 1175 | E7: =SUMIFS(Concentrado!F$2:F435,Concentrado!$A$2:$A435,"="&$A7,Concentrado!$B$2:$B435, "=Sinaloa") -> 131 | F7: =SUMIFS(Concentrado!G$2:G435,Concentrado!$A$2:$A435,"="&$A7,Concentrado!$B$2:$B435, "=Sinaloa") -> 57
A8: 2018 | B8: =SUMIFS(Concentrado!C$2:C436,Concentrado!$A$2:$A436,"="&$A8,Concentrado!$B$2:$B436, "=Sinaloa") -> 2009 | C8: =SUMIFS(Concentrado!D$2:D436,Concentrado!$A$2:$A436,"="&$A8,Concentrado!$B$2:$B436, "=Sinaloa") -> 2382 | D8: =SUMIFS(Concentrado!E$2:E436,Concentrado!$A$2:$A436,"="&$A8,Concentrado!$B$2:$B436, "=Sinaloa") -> 1129 | E8: =SUMIFS(Concentrado!F$2:F436,Concentrado!$A$2:$A436,"="&$A8,Concentrado!$B$2:$B436, "=Sinaloa") -> 121 | F8: =SUMIFS(Concentrado!G$2:G436,Concentrado!$A$2:$A436,"="&$A8,Concentrado!$B$2:$B436, "=Sinaloa") -> 56
A9: 2019 | B9: =SUMIFS(Concentrado!C$2:C437,Concentrado!$A$2:$A437,"="&$A9,Concentrado!$B$2:$B437, "=Sinaloa") -> 2014 | C9: =SUMIFS(Concentrado!D$2:D437,Concentrado!$A$2:$A437,"="&$A9,Concentrado!$B$2:$B437, "=Sinaloa") -> 2206 | D9: =SUMIFS(Concentrado!E$2:E437,Concentrado!$A$2:$A437,"="&$A9,Concentrado!$B$2:$B437, "=Sinaloa") -> 1124 | E9: =SUMIFS(Concentrado!F$2:F437,Concentrado!$A$2:$A437,"="&$A9,Concentrado!$B$2:$B437, "=Sinaloa") -> 118 | F9: =SUMIFS(Concentrado!G$2:G437,Concentrado!$A$2:$A437,"="&$A9,Concentrado!$B$2:$B437, "=Sinaloa") -> 55
A10: 2020 | B10: =SUMIFS(Concentrado!C$2:C438,Concentrado!$A$2:$A438,"="&$A10,Concentrado!$B$2:$B438, "=Sinaloa") -> 2095 | C10: =SUMIFS(Concentrado!D$2:D438,Concentrado!$A$2:$A438,"="&$A10,Concentrado!$B$2:$B438, "=Sinaloa") -> 2522 | D10: =SUMIFS(Concentrado!E$2:E438,Concentrado!$A$2:$A438,"="&$A10,Concentrado!$B$2:$B438, "=Sinaloa") -> 1262 | E10: =SUMIFS(Concentrado!F$2:F438,Concentrado!$A$2:$A438,"="&$A10,Concentrado!$B$2:$B438, "=Sinaloa") -> 112 | F10: =SUMIFS(Concentrado!G$2:G438,Concentrado!$A$2:$A438,"="&$A10,Concentrado!$B$2:$B438, "=Sinaloa") -> 60
A11: 2021 | B11: =SUMIFS(Concentrado!C$2:C439,Concentrado!$A$2:$A439,"="&$A11,Concentrado!$B$2:$B439, "=Sinaloa") -> 2065 | C11: =SUMIFS(Concentrado!D$2:D439,Concentrado!$A$2:$A439,"="&$A11,Concentrado!$B$2:$B439, "=Sinaloa") -> 2521 | D11: =SUMIFS(Concentrado!E$2:E439,Concentrado!$A$2:$A439,"="&$A11,Concentrado!$B$2:$B439, "=Sinaloa") -> 1219 | E11: =SUMIFS(Concentrado!F$2:F439,Concentrado!$A$2:$A439,"="&$A11,Concentrado!$B$2:$B439, "=Sinaloa") -> 109 | F11: =SUMIFS(Concentrado!G$2:G439,Concentrado!$A$2:$A439,"="&$A11,Concentrado!$B$2:$B439, "=Sinaloa") -> 59
A12: 2022 | B12: =SUMIFS(Concentrado!C$2:C440,Concentrado!$A$2:$A440,"="&$A12,Concentrado!$B$2:$B440, "=Sinaloa") -> 2220 | C12: =SUMIFS(Concentrado!D$2:D440,Concentrado!$A$2:$A440,"="&$A12,Concentrado!$B$2:$B440, "=Sinaloa") -> 2520 | D12: =SUMIFS(Concentrado!E$2:E440,Concentrado!$A$2:$A440,"="&$A12,Concentrado!$B$2:$B440, "=Sinaloa") -> 1180 | E12: =SUMIFS(Concentrado!F$2:F440,Concentrado!$A$2:$A440,"="&$A12,Concentrado!$B$2:$B440, "=Sinaloa") -> 127 | F12: =SUMIFS(Concentrado!G$2:G440,Concentrado!$A$2:$A440,"="&$A12,Concentrado!$B$2:$B440, "=Sinaloa") -> 59
A13: 2023 | B13: =SUMIFS(Concentrado!C$2:C441,Concentrado!$A$2:$A441,"="&$A13,Concentrado!$B$2:$B441, "=Sinaloa") -> 2323 | C13: =SUMIFS(Concentrado!D$2:D441,Concentrado!$A$2:$A441,"="&$A13,Concentrado!$B$2:$B441, "=Sinaloa") -> 2573 | D13: =SUMIFS(Concentrado!E$2:E441,Concentrado!$A$2:$A441,"="&$A13,Concentrado!$B$2:$B441, "=Sinaloa") -> 1245 | E13: =SUMIFS(Concentrado!F$2:F441,Concentrado!$A$2:$A441,"="&$A13,Concentrado!$B$2:$B441, "=Sinaloa") -> 111 | F13: =SUMIFS(Concentrado!G$2:G441,Concentrado!$A$2:$A441,"="&$A13,Concentrado!$B$2:$B441, "=Sinaloa") -> 55
A14: 2024 | B14: =SUMIFS(Concentrado!C$2:C442,Concentrado!$A$2:$A442,"="&$A14,Concentrado!$B$2:$B442, "=Sinaloa") -> 2372 | C14: =SUMIFS(Concentrado!D$2:D442,Concentrado!$A$2:$A442,"="&$A14,Concentrado!$B$2:$B442, "=Sinaloa") -> 2566 | D14: =SUMIFS(Concentrado!E$2:E442,Concentrado!$A$2:$A442,"="&$A14,Concentrado!$B$2:$B442, "=Sinaloa") -> 1324 | E14: =SUMIFS(Concentrado!F$2:F442,Concentrado!$A$2:$A442,"="&$A14,Concentrado!$B$2:$B442, "=Sinaloa") -> 117 | F14: =SUMIFS(Concentrado!G$2:G442,Concentrado!$A$2:$A442,"="&$A14,Concentrado!$B$2:$B442, "=Sinaloa") -> 56

Sheet SON
A1: Año | B1: Consultorios | C1: Camas hospitalarias | D1: Camas no hospitalarias | E1: Quirófanos | F1: Salas expulsión
A2: 2012 | B2: =SUMIFS(Concentrado!C$2:C430,Concentrado!$A$2:$A430,"="&$A2,Concentrado!$B$2:$B430, "=Sonora") -> 1573 | C2: =SUMIFS(Concentrado!D$2:D430,Concentrado!$A$2:$A430,"="&$A2,Concentrado!$B$2:$B430, "=Sonora") -> 2495 | D2: =SUMIFS(Concentrado!E$2:E430,Concentrado!$A$2:$A430,"="&$A2,Concentrado!$B$2:$B430, "=Sonora") -> 1206 | E2: =SUMIFS(Concentrado!F$2:F430,Concentrado!$A$2:$A430,"="&$A2,Concentrado!$B$2:$B430, "=Sonora") -> 93 | F2: =SUMIFS(Concentrado!G$2:G430,Concentrado!$A$2:$A430,"="&$A2,Concentrado!$B$2:$B430, "=Sonora") -> 46
A3: 2013 | B3: =SUMIFS(Concentrado!C$2:C431,Concentrado!$A$2:$A431,"="&$A3,Concentrado!$B$2:$B431, "=Sonora") -> 2012 | C3: =SUMIFS(Concentrado!D$2:D431,Concentrado!$A$2:$A431,"="&$A3,Concentrado!$B$2:$B431, "=Sonora") -> 2728 | D3: =SUMIFS(Concentrado!E$2:E431,Concentrado!$A$2:$A431,"="&$A3,Concentrado!$B$2:$B431, "=Sonora") -> 1403 | E3: =SUMIFS(Concentrado!F$2:F431,Concentrado!$A$2:$A431,"="&$A3,Concentrado!$B$2:$B431, "=Sonora") -> 113 | F3: =SUMIFS(Concentrado!G$2:G431,Concentrado!$A$2:$A431,"="&$A3,Concentrado!$B$2:$B431, "=Sonora") -> 38
A4: 2014 | B4: =SUMIFS(Concentrado!C$2:C432,Concentrado!$A$2:$A432,"="&$A4,Concentrado!$B$2:$B432, "=Sonora") -> 2153 | C4: =SUMIFS(Concentrado!D$2:D432,Concentrado!$A$2:$A432,"="&$A4,Concentrado!$B$2:$B432, "=Sonora") -> 2901 | D4: =SUMIFS(Concentrado!E$2:E432,Concentrado!$A$2:$A432,"="&$A4,Concentrado!$B$2:$B432, "=Sonora") -> 1436 | E4: =SUMIFS(Concentrado!F$2:F432,Concentrado!$A$2:$A432,"="&$A4,Concentrado!$B$2:$B432, "=Sonora") -> 123 | F4: =SUMIFS(Concentrado!G$2:G432,Concentrado!$A$2:$A432,"="&$A4,Concentrado!$B$2:$B432, "=Sonora") -> 41
A5: 2015 | B5: =SUMIFS(Concentrado!C$2:C433,Concentrado!$A$2:$A433,"="&$A5,Concentrado!$B$2:$B433, "=Sonora") -> 2121 | C5: =SUMIFS(Concentrado!D$2:D433,Concentrado!$A$2:$A433,"="&$A5,Concentrado!$B$2:$B433, "=Sonora") -> 2846 | D5: =SUMIFS(Concentrado!E$2:E433,Concentrado!$A$2:$A433,"="&$A5,Concentrado!$B$2:$B433, "=Sonora") -> 1339 | E5: =SUMIFS(Concentrado!F$2:F433,Concentrado!$A$2:$A433,"="&$A5,Concentrado!$B$2:$B433, "=Sonora") -> 134 | F5: =SUMIFS(Concentrado!G$2:G433,Concentrado!$A$2:$A433,"="&$A5,Concentrado!$B$2:$B433, "=Sonora") -> 38
